"Rank","Channel ID","Channel Name","Subscribers","Views","Country Code","Country","Topic Groups","Subtopics","Profile URL","Profile Picture URL"
"1","UCX6OQ3DkcsbYNE6H8uQQuVA","MrBeast","518000000","140770990575","US","United States","Entertainment / Lifestyle","Entertainment / Lifestyle","https://www.youtube.com/channel/UCX6OQ3DkcsbYNE6H8uQQuVA","https://yt3.ggpht.com/nxYrc_1_2f77DoBadyxMTmv7ZpRZapHR5jbuYe7PlPd5cIRJxtNNEYyOC0ZsxaDyJJzXrnJiuDE=s800-c-k-c0x00ffffff-no-rj"
"2","UCq-Fj5jknLsUf-MWSy4_brA","T-Series","315000000","356624971292","IN","India","Music / Entertainment","Movies / Pop music / Music / Music of Asia","https://www.youtube.com/channel/UCq-Fj5jknLsUf-MWSy4_brA","https://yt3.ggpht.com/VunTf0NzCeboiPjbesBdnQuxaF3Lja7UGRbBGQAWRJgMSTj9TTLO3pS1X9qPOJGCNnmPrXeY=s800-c-k-c0x00ffffff-no-rj"
"3","UCbCmjCuTUZos6Inko4u57UQ","Cocomelon - Nursery Rhymes","203000000","227701003485","US","United States","Music / Entertainment","Music / Entertainment / Movies","https://www.youtube.com/channel/UCbCmjCuTUZos6Inko4u57UQ","https://yt3.ggpht.com/yiljI_XQcX8X0p_E2S0APGrUs7tHBMukf5_3dhVzhbH-z5uhzpt88tUopQa7ngVwO1nGAAnr6A=s800-c-k-c0x00ffffff-no-rj"
"4","UClgRkhTL3_hImCAmdLfDE4g","YouTube Movies","199000000","0","","Unknown","","","https://www.youtube.com/channel/UClgRkhTL3_hImCAmdLfDE4g","https://yt3.ggpht.com/CLO0IG1iXpslTdxt1UExH-26tWO-yvwag7QjDdIt0udde0o-EJHg0Wv435_ZXDEz-EhI7vId0YU=s800-c-k-c0x00ffffff-no-rj"
"5","UCpEhnqL0y41EpW2TvWAHD7Q","SET India","190000000","192882373496","IN","India","Music / Entertainment","Movies / Music of Asia / TV shows / Entertainment / Performing arts / Humor / Pop music / Music","https://www.youtube.com/channel/UCpEhnqL0y41EpW2TvWAHD7Q","https://yt3.ggpht.com/vmmZsYmryt238vqck4KAYf69gOSu22ZfqVE3rwT1tYz4hr68xl7crIUK7kghQgR6RiB9IlQ5mQ=s800-c-k-c0x00ffffff-no-rj"
"6","UCvlE5gTbOvjiolFlEm-c_Ow","Vlad and Niki","151000000","123535583376","US","United States","Lifestyle","Lifestyle / Hobby","https://www.youtube.com/channel/UCvlE5gTbOvjiolFlEm-c_Ow","https://yt3.ggpht.com/il7dQx5fz3qs2ykOvWQVhtjT-_grY_oPmXlah13q694r_5zUS_7M33pBuUC34Cq0VearBaT1NOE=s800-c-k-c0x00ffffff-no-rj"
"7","UCbp9MyKCTEww4CxEzc_Tp0Q","Stokes Twins","147000000","33127826951","US","United States","Entertainment","Entertainment / Movies","https://www.youtube.com/channel/UCbp9MyKCTEww4CxEzc_Tp0Q","https://yt3.ggpht.com/ytc/AIdro_licRUYkb1mqyEXaQPq67wtqgk7qinfWOEvc6gjnsSofu4=s800-c-k-c0x00ffffff-no-rj"
"8","UCk8GzjMOrta8yxDcKfylJYw","✿ Kids Diana Show","138000000","126084559744","US","United States","Entertainment / Lifestyle","Hobby / Entertainment / Lifestyle","https://www.youtube.com/channel/UCk8GzjMOrta8yxDcKfylJYw","https://yt3.ggpht.com/G88LBGqFoBWMos0glZEdCvQ7uEMPnhBYsPRMOFX5b5z6tuqWaD6ZcscslaKu0zLO37v8sMUA=s800-c-k-c0x00ffffff-no-rj"
"9","UCiVs2pnGW5mLIc1jS2nxhjg","김프로KIMPRO","135000000","154047816384","KR","South Korea","Entertainment","Entertainment","https://www.youtube.com/channel/UCiVs2pnGW5mLIc1jS2nxhjg","https://yt3.ggpht.com/61lpQx0TizD-UeJSv10975lLAt09xRHu0T8cz_6LnLGFwA_5L-Vz-Qa_GOXsthdkh8G7jXv1oQ=s800-c-k-c0x00ffffff-no-rj"
"10","UCJplp5SjeGSdVdwsfb9Q7lQ","Like Nastya","133000000","123163095863","US","United States","Lifestyle","Lifestyle / Hobby","https://www.youtube.com/channel/UCJplp5SjeGSdVdwsfb9Q7lQ","https://yt3.ggpht.com/ytc/AIdro_mVv_9v6t_6ni8YIQZWxmabSsNCVTyGQ48CHQ8-2W-OQtM=s800-c-k-c0x00ffffff-no-rj"
"11","UC-9-kyTW8ZkZNDHQJ6FgpwQ","Music","128000000","0","","Unknown","Music","Music","https://www.youtube.com/channel/UC-9-kyTW8ZkZNDHQJ6FgpwQ","https://yt3.ggpht.com/M1Hbe-1uiAYWJI8-1ZzV3uf7MwoWcEmKAPbIivbKs3buggZcVLov91trUzy8y-96unrkOcv3oA=s800-c-k-c0x00ffffff-no-rj"
"12","UCFFbwnve3yF62-tVXkTyHqg","Zee Music Company","123000000","91661841134","IN","India","Music / Entertainment","Pop music / Music of Asia / Music / Movies / Entertainment","https://www.youtube.com/channel/UCFFbwnve3yF62-tVXkTyHqg","https://yt3.ggpht.com/zGnrFUqmF6Xp2tM8ecG9sVXyHjJUrqa7GnNV_kATAdAvSwfgIg7693GURHASA7C6OPK3YmGZ=s800-c-k-c0x00ffffff-no-rj"
"13","UCZs0WwC0Dn_noiQE2BHSTKg","Alejo Igoa","122000000","37161211131","AR","Argentina","Entertainment / Lifestyle","Hobby / Lifestyle / Entertainment","https://www.youtube.com/channel/UCZs0WwC0Dn_noiQE2BHSTKg","https://yt3.ggpht.com/vvwc5dVu5nXqxqdmUcZTV_c9kUzfSmwHXWqTCanFUVQcgR06_lOM2QD_uNqWH3A8_w40tMfxuQ=s800-c-k-c0x00ffffff-no-rj"
"14","UCJ5v_MCY6GNUBTO8-D3XoAg","WWE","114000000","107204331718","","Unknown","Sports / Entertainment / Lifestyle","Sports / Professional wrestling / Entertainment / Lifestyle / Performing arts","https://www.youtube.com/channel/UCJ5v_MCY6GNUBTO8-D3XoAg","https://yt3.ggpht.com/ytc/AIdro_muzDjR0hfGdlXBS-2A8NfR-Q9e-PO96K-gxrm2i1jSStI7=s800-c-k-c0x00ffffff-no-rj"
"15","UCyoXW-Dse7fURq30EWl_CUA","Goldmines","110000000","32991633040","IN","India","Entertainment","Entertainment / Movies","https://www.youtube.com/channel/UCyoXW-Dse7fURq30EWl_CUA","https://yt3.ggpht.com/Ls4lEH-dc1OkDysPqLKpeD5CFfUzzW4cTBTkZWAuax3npqrtFhTqC91wpfe02oSd9swnyQnb=s800-c-k-c0x00ffffff-no-rj"
"16","UC-lHJZR3Gqxm24_Vd_AJ5Yw","PewDiePie","109000000","29534026183","JP","Japan","Lifestyle","Lifestyle","https://www.youtube.com/channel/UC-lHJZR3Gqxm24_Vd_AJ5Yw","https://yt3.ggpht.com/vik8mAiwHQbXiFyKfZ3__p55_VBdGvwxPpuPJBBwdbF0PjJxikXhrP-C3nLQAMAxGNd_-xQCIg=s800-c-k-c0x00ffffff-no-rj"
"17","UC6-F5tO8uklgE9Zy8IvbdFw","Sony SAB","106000000","148417059833","IN","India","Entertainment","Humor / Entertainment / TV shows / Movies","https://www.youtube.com/channel/UC6-F5tO8uklgE9Zy8IvbdFw","https://yt3.ggpht.com/W6hlyHF8FP_YVLnkzBGQYtdpf0hB8pILZvQYw4jMYIqgcGeS1RBTvk9VHUXGk3mDZhhv-26o-zc=s800-c-k-c0x00ffffff-no-rj"
"18","UC5gxP-2QqIh_09djvlm9Xcg","Alan's Universe","102000000","64260011324","US","United States","Entertainment","Performing arts / Entertainment","https://www.youtube.com/channel/UC5gxP-2QqIh_09djvlm9Xcg","https://yt3.ggpht.com/lA3SEmZbetaDHX6K4BlrWRpNLfJh5pT74-DZWpvKueB3wpoD6RhkxpxVfbnUBoExK2ctCQ7Pjw=s800-c-k-c0x00ffffff-no-rj"
"19","UCOmHUn--16B90oW2L6FRR3A","BLACKPINK","101000000","42985258257","KR","South Korea","Music","Electronic music / Music of Asia / Pop music / Music","https://www.youtube.com/channel/UCOmHUn--16B90oW2L6FRR3A","https://yt3.ggpht.com/U3VrCkKjzTpQ3VYv4SCPjNfDHeJV-swGNnhLYhr0nV4lZz_GVUNzK4EB-HFRfKv9S5VNh14uAg=s800-c-k-c0x00ffffff-no-rj"
"20","UCppHT7SZKKvar4Oc9J4oljQ","Zee TV","99000000","120425628008","IN","India","Entertainment","TV shows / Entertainment / Movies","https://www.youtube.com/channel/UCppHT7SZKKvar4Oc9J4oljQ","https://yt3.ggpht.com/azn2b7O1Xx3JXUYAQ3XqdFl3bvhrcVhumeccIFs6N-VxhrUdhachSlZFCZlM26NEdEvU06mpS2U=s800-c-k-c0x00ffffff-no-rj"
"21","UCBnZ16ahKA2DZ_T5W0FPUXg","ChuChu TV Nursery Rhymes & Kids Songs","98200000","60604289847","IN","India","Music / Entertainment","Entertainment / Movies / Music","https://www.youtube.com/channel/UCBnZ16ahKA2DZ_T5W0FPUXg","https://yt3.ggpht.com/9HW0sh3SxpygY7QohdMTkUfNToJHJR1M_C1UYevboxlesumkq84nMLo1RT0JI0NYb7dqv2kHUMM=s800-c-k-c0x00ffffff-no-rj"
"22","UCPuEAY09CtdTzFNWuqVZgDw","Topper Guild","94600000","35436718962","US","United States","Entertainment / Lifestyle","Lifestyle / Entertainment / Movies","https://www.youtube.com/channel/UCPuEAY09CtdTzFNWuqVZgDw","https://yt3.ggpht.com/Ce8Rj4Kb89F0zNpA1961oezAXskNSJ9WV_k7fWUAAxRcCzQRUVmwW4S8FhIjwwa4xDpapFJ5Mw=s800-c-k-c0x00ffffff-no-rj"
"23","UC2tsySbe9TNrI-xh2lximHA","A4","92700000","38037689417","US","United States","Entertainment / Lifestyle","Movies / Entertainment / Lifestyle","https://www.youtube.com/channel/UC2tsySbe9TNrI-xh2lximHA","https://yt3.ggpht.com/GMJvnLHTiP2KCvomxYnL_dhPtEti9P6YjlaloKn_zQ8N-_vUd1JMi0kXQe2BQLfy1cRQZa-D=s800-c-k-c0x00ffffff-no-rj"
"24","UCOpNcN46UbXVtpKMrmU4Abg","Gaming","91800000","0","","Unknown","Gaming","Gaming","https://www.youtube.com/channel/UCOpNcN46UbXVtpKMrmU4Abg","https://yt3.ggpht.com/GFc_A-blEltrFJDdN_Hhq7wMxATv1u1LWHF87HZ7duVPBYWfwjeL-mZ8cV2_2hiQfFiHIdM-IXI=s800-c-k-c0x00ffffff-no-rj"
"25","UCL5nlHWXVLeOsSjKH2fhmsg","KL BRO Biju Rithvik","89000000","112188606778","","Unknown","Entertainment / Lifestyle","Entertainment / Lifestyle","https://www.youtube.com/channel/UCL5nlHWXVLeOsSjKH2fhmsg","https://yt3.ggpht.com/5Q5NTVd5rWCnzlhJj6L2b_OAFlygH2g0lU9VSkq057jY3zP_Qc-2FO69JIgmLHNAOsnAaqCPvQ=s800-c-k-c0x00ffffff-no-rj"
"26","UCLkAepWjdylmXSltofFvsYQ","BANGTANTV","85900000","29356393386","","Unknown","Music / Entertainment","Entertainment / Pop music / Music of Asia / Music","https://www.youtube.com/channel/UCLkAepWjdylmXSltofFvsYQ","https://yt3.ggpht.com/NNG93LntJGDpMlGYIhavu2n4gREs7CNbNT8jjG-7dpotBa5uQDHhuOL8e_oU4ihzWhlwdCmsJw0=s800-c-k-c0x00ffffff-no-rj"
"27","UCcdwLMPsaU2ezNSJU1nFoBQ","Baby Shark - Pinkfong Kids’ Songs & Stories","85200000","57526385937","US","United States","Music / Entertainment","Music / Entertainment / Movies","https://www.youtube.com/channel/UCcdwLMPsaU2ezNSJU1nFoBQ","https://yt3.ggpht.com/HmRKCZ8IQxKJd39MJEVi34_zBOaQMTZVrDTgXLJ-hmT1ue0nKOHqkZLhZaGwaqjKS85uNR7glQ=s800-c-k-c0x00ffffff-no-rj"
"28","UCrnQFuUabBHaw-BRhPo8xEA","ZAMZAM BROTHERS OFFICIAL ","84800000","44060991647","AE","United Arab Emirates","Entertainment / Lifestyle","Movies / Entertainment / Lifestyle","https://www.youtube.com/channel/UCrnQFuUabBHaw-BRhPo8xEA","https://yt3.ggpht.com/yQyhrrRGde5ACIIE-HikUvOzbPqecBeO1i1Juunirrf-6nS_w7hH7r-YugC97dtWPXkxfd28H0c=s800-c-k-c0x00ffffff-no-rj"
"29","UCtxD0x6AuNNqdXO9Wp5GHew","UR · Cristiano","83300000","1653623393","PT","Portugal","Sports / Lifestyle","Football / Sports / Lifestyle","https://www.youtube.com/channel/UCtxD0x6AuNNqdXO9Wp5GHew","https://yt3.ggpht.com/7HR7AS1zqCg3HDKKhU734Hoqaz277rXAkSkjJlui8cf_jrw31GZF2aPn3i9JS6Hhwgcxutp0jg=s800-c-k-c0x00ffffff-no-rj"
"30","UCgFXm4TI8htWmCyJ6cVPG_A","Toys and Colors","83000000","122167316303","US","United States","Entertainment / Lifestyle","Entertainment / Lifestyle / Hobby","https://www.youtube.com/channel/UCgFXm4TI8htWmCyJ6cVPG_A","https://yt3.ggpht.com/ytc/AIdro_nKO-qf2jEK-xmzuggQvgjoHJO1xBIxDQ3bEgxuI4PLyHk=s800-c-k-c0x00ffffff-no-rj"
"31","UCaayLD9i5x4MmIoVZxXSv_g","T-Series Bhakti Sagar","83000000","50382291063","IN","India","Music / Society","Religion / Music / Music of Asia","https://www.youtube.com/channel/UCaayLD9i5x4MmIoVZxXSv_g","https://yt3.ggpht.com/ytc/AIdro_lEOsOKSwfkzCB5bj1mTBIKOG7rBJmipaGnWMtcUnEF0I6J=s800-c-k-c0x00ffffff-no-rj"
"32","UCY1kMZp36IQSyNx_9h4mpCg","Mark Rober","83000000","19096092143","US","United States","Entertainment / Lifestyle","Entertainment / Lifestyle","https://www.youtube.com/channel/UCY1kMZp36IQSyNx_9h4mpCg","https://yt3.ggpht.com/ytc/AIdro_ksXY2REjZ6gYKSgnWT5jC_zT9mX900vyFtVinR8KbHww=s800-c-k-c0x00ffffff-no-rj"
"33","UC3IZKseVpdzPSBaWxBxundA","HYBE LABELS","82800000","49030225838","KR","South Korea","Music","Electronic music / Music of Asia / Music / Pop music","https://www.youtube.com/channel/UC3IZKseVpdzPSBaWxBxundA","https://yt3.ggpht.com/ytc/AIdro_l8g0yRFG8xoe_qeqk8Ki9UFy36cB2IjZEWZWz0h7gl-t0=s800-c-k-c0x00ffffff-no-rj"
"34","UC55IWqFLDH1Xp7iu1_xknRA","Colors TV","82500000","2862941186","IN","India","Entertainment","Movies / TV shows / Entertainment","https://www.youtube.com/channel/UC55IWqFLDH1Xp7iu1_xknRA","https://yt3.ggpht.com/VYaGHn63sPQETYHIKpLK65keAXm0T8MiQjxOglEQuewnSoc17hV9WmbJQe9tFtlrG22tjSA2KA=s800-c-k-c0x00ffffff-no-rj"
"35","UCJrDMFOdv1I2k8n9oK_V21w","Tips Official","82400000","59333837978","IN","India","Music","Pop music / Music of Asia / Music","https://www.youtube.com/channel/UCJrDMFOdv1I2k8n9oK_V21w","https://yt3.ggpht.com/zSQrmF-U4JwDv9QalTMOuEEWjGDjM9LvNgahKGGks6WKhe6XEOFf2C4ErQ-1-J9o2wFrHtIw5A=s800-c-k-c0x00ffffff-no-rj"
"36","UC295-Dw_tDNtZXFeAPAW6Aw","5-Minute Crafts","80500000","28596869355","US","United States","Lifestyle","Lifestyle / Hobby","https://www.youtube.com/channel/UC295-Dw_tDNtZXFeAPAW6Aw","https://yt3.ggpht.com/qxMg7xnccD_tt-YtUTTK-ctCtUqUH9d3qKsbqm_DAti0nC7RHVbFlFiC6k8BoNS1O2O4ytAlZiE=s800-c-k-c0x00ffffff-no-rj"
"37","UCyagEfIN1okQ-s996XAqCFQ","Zhong","80200000","27117776354","US","United States","Entertainment","Movies / Entertainment","https://www.youtube.com/channel/UCyagEfIN1okQ-s996XAqCFQ","https://yt3.ggpht.com/FKuNOzSM4kV6WgdJK4iJ7mqCJmONtUbY_b52vskqQUYe7kjUB8iUeVMn8lLMzAO8z_YSDm4L=s800-c-k-c0x00ffffff-no-rj"
"38","UCIwFjwMjI0y7PDBVEO9-bkQ","Justin Bieber","79400000","39818437679","CA","Canada","Music","Hip hop music / Pop music / Music / Rhythm and blues / Soul music / Electronic music","https://www.youtube.com/channel/UCIwFjwMjI0y7PDBVEO9-bkQ","https://yt3.ggpht.com/4Mz5el_eyeB5cBod2jHMV-CC3fYiuSmDuCT9A9tGyYh03KQyVdrP04KYYMttZItBCtn4kfef=s800-c-k-c0x00ffffff-no-rj"
"39","UCoQm-PeHC-cbJclKJYJ8LzA","Fede Vigevani","78900000","29215777096","MX","Mexico","Entertainment / Lifestyle","Entertainment / Lifestyle","https://www.youtube.com/channel/UCoQm-PeHC-cbJclKJYJ8LzA","https://yt3.ggpht.com/YZ7gOQ8piWHJELvXxq0p2rIb942UdvBCy27y6DwTxE2-t_y7Iemd4vM17QmLMJra82s5gxzlL_s=s800-c-k-c0x00ffffff-no-rj"
"40","UCVNouUw3d3l5JYVCxhAQXKA","Bispo Bruno Leonardo","76800000","12460047363","BR","Brazil","Society","Religion / Society","https://www.youtube.com/channel/UCVNouUw3d3l5JYVCxhAQXKA","https://yt3.ggpht.com/kako4v5Eu3Xjm2RhoR5AsRnohS8GXTWOyu_bShBo98pKnwDmwv7Vdr2QLHptLJHkjgYuNhDD=s800-c-k-c0x00ffffff-no-rj"
"41","UC6QZ_ss3i_8qLV_RczPZBkw","ISSEI / いっせい","75800000","61877669533","JP","Japan","Entertainment","Entertainment","https://www.youtube.com/channel/UC6QZ_ss3i_8qLV_RczPZBkw","https://yt3.ggpht.com/WQJfAcYaEL-sQ7LcF86SHG-T4u9zjiSScvdFxh73GCFJKleVcTakwZaqMhsGdZ64gfccQ2gn4Q=s800-c-k-c0x00ffffff-no-rj"
"42","UCt4t-jeY85JegMlZ-E5UWtA","Aaj Tak","75600000","49043692060","IN","India","Society","Politics / Society","https://www.youtube.com/channel/UCt4t-jeY85JegMlZ-E5UWtA","https://yt3.ggpht.com/e8YzAY8Y5P2a068WGiccAx5gJVZjHtVDnJdKoEkp6vMNSy_LzV8kN7Bn8gRIdOf57y8puxwqOpM=s800-c-k-c0x00ffffff-no-rj"
"43","UC4wEPe5mrHGAUjjTfXH_C-Q","Anaya Kandhal","75400000","119368908961","IN","India","Entertainment / Lifestyle","Movies / Lifestyle / Entertainment","https://www.youtube.com/channel/UC4wEPe5mrHGAUjjTfXH_C-Q","https://yt3.ggpht.com/Wf_SW1J54YH3ZahhvU7CtF9V_IooNAVzQTkHtgxpHkfJSssWFEs_WR6qXGwieEbvLyUjdNtY=s800-c-k-c0x00ffffff-no-rj"
"44","UCP6uH_XlsxrXwZQ4DlqbqPg","Shemaroo Filmi Gaane","75000000","36599211346","IN","India","Music / Entertainment","Entertainment / Movies / Music / Music of Asia","https://www.youtube.com/channel/UCP6uH_XlsxrXwZQ4DlqbqPg","https://yt3.ggpht.com/kjtZtA7VdnPHCfZ3UYqxhYF5zV7sVFoDcmA8TNHoXH6BIx8yTDllqEvICbIiws_TLws80S2L9PQ=s800-c-k-c0x00ffffff-no-rj"
"45","UCEgdi0XIXXZ-qJOFPf4JSKw","Sports","74300000","0","","Unknown","","","https://www.youtube.com/channel/UCEgdi0XIXXZ-qJOFPf4JSKw","https://yt3.ggpht.com/RV7Xjtmnl7ld6OERcxfHRePw3dfRRAcD5_OyEZHiBIA6DBkQwiL0WjHV4nQDrVwOknlJTTbRfQ=s800-c-k-c0x00ffffff-no-rj"
"46","UCe9JSDmyqNgA_l2BzGHq1Ug","HAR PAL GEO","74100000","85896556423","PK","Pakistan","Entertainment","TV shows / Movies / Entertainment","https://www.youtube.com/channel/UCe9JSDmyqNgA_l2BzGHq1Ug","https://yt3.ggpht.com/gmRmvRYUHVbi2YnWiM_RbJtwPMkKK_WJfsWYINioLLVutKiQ5_Yf1xbGY57qGJydAY7zNuRp6Q=s800-c-k-c0x00ffffff-no-rj"
"47","UC56gTxNs4f9xZ7Pa2i5xNzg","Sony Music India","73000000","86053017692","IN","India","Music","Music of Asia / Music / Pop music","https://www.youtube.com/channel/UC56gTxNs4f9xZ7Pa2i5xNzg","https://yt3.ggpht.com/42o3XIW1j5zmzsFeZs3ND4QwaXXrnpK9vqftcEuEdbgNhPbltXRktcSmyJ12-gSRqKch93Ir=s800-c-k-c0x00ffffff-no-rj"
"48","UCbTLwN10NoCU4WDzLf1JMOA","YRF","72800000","61337638624","IN","India","Music / Entertainment","Entertainment / Music / Movies / Music of Asia / Pop music","https://www.youtube.com/channel/UCbTLwN10NoCU4WDzLf1JMOA","https://yt3.ggpht.com/ukiLOR2xcRjb4vEfv_DvcTU-5WgGyhwL3w1jQxvTBVdMbBlrtDopxKwg8Scs66C8nFgXu-cl=s800-c-k-c0x00ffffff-no-rj"
"49","UC1ciY6kR3yj3kaKZ6R7ewAg","Infobells - Hindi","72800000","50155872151","IN","India","Music / Entertainment","Music / Entertainment / Movies / Music of Asia","https://www.youtube.com/channel/UC1ciY6kR3yj3kaKZ6R7ewAg","https://yt3.ggpht.com/ytc/AIdro_mWKlOUcsnrq8oXV8BemcuyrfG52ztaqZmoDThFc1v-etg=s800-c-k-c0x00ffffff-no-rj"
"50","UCK1i2UviaXLUNrZlAFpw_jA","El Reino Infantil","71500000","75266659515","AR","Argentina","Music / Entertainment","Music / Entertainment / Movies","https://www.youtube.com/channel/UCK1i2UviaXLUNrZlAFpw_jA","https://yt3.ggpht.com/2umJG6xbgHUku4brCTjAs-GRhxS4evggBSR7Ov5X0RLAVaj42vOL8DatoiiDsKhOATAruoMKFQ=s800-c-k-c0x00ffffff-no-rj"
"51","UCOnIJiQuk1fDSp6p1GCZy3A","YOLO AVENTURAS","70900000","29727321160","MX","Mexico","Entertainment / Lifestyle","Entertainment / Lifestyle","https://www.youtube.com/channel/UCOnIJiQuk1fDSp6p1GCZy3A","https://yt3.ggpht.com/HQxiT9cSTTGX3rBWrZB8AQIQv3XW85UfvHnRZh9_R1VeO_UiXe9Ad15VFZKLi27PJ5pggAyPinc=s800-c-k-c0x00ffffff-no-rj"
"52","UC22nIfOTM7KLIQuFGMKzQbg","Wave Music","70800000","50045790486","IN","India","Music","Music / Music of Asia","https://www.youtube.com/channel/UC22nIfOTM7KLIQuFGMKzQbg","https://yt3.ggpht.com/-m-efGozwxkvoZiijhjJcLSuUxZQpXvJu9tObrAbfhrtr67AAf1V674HBB8eHixOLHrj3WBlgxI=s800-c-k-c0x00ffffff-no-rj"
"53","UC4JCksJF76g_MdzPVBJoC3Q","ARY Digital HD","68500000","78634270141","PK","Pakistan","Entertainment","TV shows / Entertainment / Movies","https://www.youtube.com/channel/UC4JCksJF76g_MdzPVBJoC3Q","https://yt3.ggpht.com/PAv0BKK9dpn11mR17lPYAbQ0bawSxYcj3rRHKDFVgUs7XehkhgrfDqCy2W9hS7PPsDZaSuJDEQ=s800-c-k-c0x00ffffff-no-rj"
"54","UCffDXn7ycAzwL2LDlbyWOTw","Canal KondZilla","68200000","40783733966","BR","Brazil","Music","Music of Latin America / Music / Hip hop music / Electronic music","https://www.youtube.com/channel/UCffDXn7ycAzwL2LDlbyWOTw","https://yt3.ggpht.com/TNxJ4KGHDobroqSoK6H_Eg66cy1ZV32xV27ZHrrqn8wbD3sAhwUvqQWm-AglVvtIuwC2F8AjJg=s800-c-k-c0x00ffffff-no-rj"
"55","UC1a2ZCw7tugRZYRMnecNj3A","Celine Dept","67300000","65196146053","BE","Belgium","Sports","Football / Sports","https://www.youtube.com/channel/UC1a2ZCw7tugRZYRMnecNj3A","https://yt3.ggpht.com/sDAm8ocq7opc6Ik08zsZokx_r7KaKGD3bgX-fpV0omhgJS2tYKnD-9XUXqGI_EjxX1mONdwm1Q=s800-c-k-c0x00ffffff-no-rj"
"56","UCfM3zsQsOnfWNUppiycmBuw","EminemMusic","67300000","38449215218","","Unknown","Music","Pop music / Hip hop music / Music","https://www.youtube.com/channel/UCfM3zsQsOnfWNUppiycmBuw","https://yt3.ggpht.com/fYB3KuH8P5jyoReOqbDRyHQJjfKsPj-BYDcJb1XANiEpo6bhCf6LXpsNxE9_fvefub9S1hCkldU=s800-c-k-c0x00ffffff-no-rj"
"57","UC3gNmTGu-TTbFPpfSs5kNkg","Movieclips","66700000","70986983070","US","United States","Entertainment","Entertainment / Movies","https://www.youtube.com/channel/UC3gNmTGu-TTbFPpfSs5kNkg","https://yt3.ggpht.com/1uIk9g0sODh4NzeUK86fyEa67EUfZLNDa3FRLfSV0JzvmWrFSZeQVlGQmOnDEcjMZoGFb8MqVQ=s800-c-k-c0x00ffffff-no-rj"
"58","UCNzmmbXIbMzlqE8nD1PBXfg","Dangal TV Channel","66000000","72113045745","IN","India","Entertainment","Entertainment / TV shows / Movies","https://www.youtube.com/channel/UCNzmmbXIbMzlqE8nD1PBXfg","https://yt3.ggpht.com/JIt8cyzUH7FSN5h7bnVf1eWt27cHL6USpl_lkrjx3d831K_U1YLQWvrTO5zMokSPhU1F-RRStg=s800-c-k-c0x00ffffff-no-rj"
"59","UC_A7K2dXFsTMAciGmnNxy-Q","Saregama Music","64700000","37542801357","IN","India","Music / Entertainment","Pop music / Music / Music of Asia / Movies","https://www.youtube.com/channel/UC_A7K2dXFsTMAciGmnNxy-Q","https://yt3.ggpht.com/kzVDg0rujy7laR7qjVTsa7GaiJd6WkQrSlJxDNrhzakH7681kmv7tnoF7VaDmixuYs59QuED8A=s800-c-k-c0x00ffffff-no-rj"
"60","UCqECaJ8Gagnn7YCbPEzWH6g","Taylor Swift","63400000","46644689839","","Unknown","Music","Independent music / Pop music / Music","https://www.youtube.com/channel/UCqECaJ8Gagnn7YCbPEzWH6g","https://yt3.ggpht.com/sfBg_VvAQTx7hZm0oLbGk0V4MoE23Y_LF77BJvY0Jbv8qt5LUZdHYnspInyuY6NxxA_HrlMm=s800-c-k-c0x00ffffff-no-rj"
"61","UCRijo3ddMTht_IHyNSNXpNQ","Dude Perfect","62700000","21636288316","US","United States","Sports / Entertainment","Sports / Entertainment","https://www.youtube.com/channel/UCRijo3ddMTht_IHyNSNXpNQ","https://yt3.ggpht.com/nZRsCgyfOVFhBzY-YFV8AhdMcYAybNZ8uttjcsrUGOnGRSVF5yKqRh6XHIs_o03TcbixvlOZ=s800-c-k-c0x00ffffff-no-rj"
"62","UC4NALVCmcmL5ntpV0thoH6w","LooLoo Kids - Nursery Rhymes and Children's Songs","62600000","42589073136","US","United States","Music / Entertainment","Movies / Music / Entertainment","https://www.youtube.com/channel/UC4NALVCmcmL5ntpV0thoH6w","https://yt3.ggpht.com/XQ8Z5bwcV4dgjWEYFI1n1M9W2lgEP6RPh8LxqUq6ScFkXWXXwZIz0TTun_B05TTiTvReU5vy=s800-c-k-c0x00ffffff-no-rj"
"63","UC0Wju2yvRlfwqraLlz5152Q","PANDA BOI","62400000","27518580211","IT","Italy","Entertainment / Lifestyle","Lifestyle / Entertainment","https://www.youtube.com/channel/UC0Wju2yvRlfwqraLlz5152Q","https://yt3.ggpht.com/Eea7wEGVog5xpo1GAoOwc9hlj31T395FzKUwnUr8VERoO-x0InNVbINT2ron3WrVsqsEbSwo7LU=s800-c-k-c0x00ffffff-no-rj"
"64","UCF1JIbMUs6uqoZEY1Haw0GQ","Shemaroo","62200000","28708729435","IN","India","Entertainment","Movies / Entertainment","https://www.youtube.com/channel/UCF1JIbMUs6uqoZEY1Haw0GQ","https://yt3.ggpht.com/JwCl4e4Y9wWwXDanCHu7YSjnLF7dfvQNTbRR3mmYK6CDxr7TEj74mbchbrzjQKBGSoRDjxHtfg=s800-c-k-c0x00ffffff-no-rj"
"65","UC4-79UOlP48-QNGgCko5p2g","MrBeast 2","62100000","12538552597","US","United States","Entertainment / Lifestyle","Lifestyle / Entertainment / Food","https://www.youtube.com/channel/UC4-79UOlP48-QNGgCko5p2g","https://yt3.ggpht.com/Jd7IA_TOGrW-oXKgX-m5CBJB0tqMemQ-zhZZYmCJxF4w06dcNREG89dHbR_GGLra1TzSJqoKjFM=s800-c-k-c0x00ffffff-no-rj"
"66","UCWsDFcIhY2DBi3GB5uykGXA","IShowSpeed","61400000","10944901951","US","United States","Gaming / Sports","Football / Sports / Gaming","https://www.youtube.com/channel/UCWsDFcIhY2DBi3GB5uykGXA","https://yt3.ggpht.com/ieK0j0sDqI_AHDwYxZ2Wly07-R7PG4S3YMtxOWCEe1QH-I0FgimJ92tlydQa6M78YD0VaywCaw=s800-c-k-c0x00ffffff-no-rj"
"67","UCMgapddJymOC6MBOiOqia1A","आचार्य प्रशान्त - Acharya Prashant","61000000","7265425405","IN","India","Society","Society / Religion","https://www.youtube.com/channel/UCMgapddJymOC6MBOiOqia1A","https://yt3.ggpht.com/bRu42aqD97lGIE1fbNdynRD0iTC00FJGfjmEldxJN5UlqiQCTcJcmscaZ4edjgchQ4QEAFEcZg=s800-c-k-c0x00ffffff-no-rj"
"68","UCRv76wLBC73jiP7LX4C3l8Q","Маша и Медведь","60500000","55400437130","RU","Russia","Entertainment","TV shows / Movies / Entertainment","https://www.youtube.com/channel/UCRv76wLBC73jiP7LX4C3l8Q","https://yt3.ggpht.com/hh8gz1c0iBK36y3_wbPHuPr32g3BPwfFn4tAiK6ooUCujR9Bb7k0RiGkE-tW3HtxJDHT0NppubE=s800-c-k-c0x00ffffff-no-rj"
"69","UCd5ApCORQsMOZZz5E9oVeFA","Alfredo Larin","60200000","64936867639","SV","El Salvador","Entertainment / Lifestyle","Movies / Entertainment / Lifestyle","https://www.youtube.com/channel/UCd5ApCORQsMOZZz5E9oVeFA","https://yt3.ggpht.com/riUnRk7aFeEFY2jTn4YdTgccTWLLF0Ox1rphjruEQawTin6tddLE1C-Jva2T8k_xs6qA1FSbqA=s800-c-k-c0x00ffffff-no-rj"
"70","UC3MLnJtqc_phABBriLRhtgQ","SonyMusicIndiaVEVO","60100000","23169764984","","Unknown","Music","Music of Asia / Music / Pop music","https://www.youtube.com/channel/UC3MLnJtqc_phABBriLRhtgQ","https://yt3.ggpht.com/R04QrRbPUZuuVoM8Qw4JPw3xXJb-6AaO4L8D_mHIOgY_3ZGdeTXWxASkdJK811RqrxyK_fBWmzw=s800-c-k-c0x00ffffff-no-rj"
"71","UCIPPMRA040LQr5QPyJEbmXA","MrBeast Gaming","60100000","11824583985","US","United States","Gaming","Role-playing video game / Gaming / Action-adventure game / Simulation video game / Strategy video game / Action game","https://www.youtube.com/channel/UCIPPMRA040LQr5QPyJEbmXA","https://yt3.ggpht.com/ytc/AIdro_lMiSL6eHqg2dVxvll6mVMeXo1qVak4TZ4_7mEWdobRRCk=s800-c-k-c0x00ffffff-no-rj"
"72","UC0C-w0YjGpqDXGB8IHb662A","Ed Sheeran","59200000","38732240731","","Unknown","Music","Music / Pop music","https://www.youtube.com/channel/UC0C-w0YjGpqDXGB8IHb662A","https://yt3.ggpht.com/pZQ5JMD4EOI8TcNYAPTzMexe_fC0CKnb_hYlV4rPfIzmDidF239fH1XKmzkeT30XSg7fxNwc_w=s800-c-k-c0x00ffffff-no-rj"
"73","UCXbYlU08sOTBktOtjVsvR6w","ToRung","59100000","12572672994","VN","Vietnam","Entertainment / Lifestyle","Entertainment / Lifestyle / Food","https://www.youtube.com/channel/UCXbYlU08sOTBktOtjVsvR6w","https://yt3.ggpht.com/EYFTKLefsLCp52ZinRLH5Olzn0ZaHgHV30UoazKKXd-y8WYLcedms_vNOpB6pgx5seamUzun7A=s800-c-k-c0x00ffffff-no-rj"
"74","UCEdvpU2pFRCVqU6yIPyTpMQ","Marshmello","58700000","18177685152","US","United States","Music","Electronic music / Music / Pop music","https://www.youtube.com/channel/UCEdvpU2pFRCVqU6yIPyTpMQ","https://yt3.ggpht.com/_GYRbg3_acyrsmJbhqHV15sM-Z75gAHqV1uFXXkxIPdsauNqFBXpaXsn6OlwGNGBSm4gu8tYKvY=s800-c-k-c0x00ffffff-no-rj"
"75","UCiGm_E4ZwYSHV3bcW1pnSeQ","Billie Eilish","58600000","23358371608","US","United States","Music / Lifestyle","Lifestyle / Independent music / Music / Pop music","https://www.youtube.com/channel/UCiGm_E4ZwYSHV3bcW1pnSeQ","https://yt3.ggpht.com/dirvtoDAmx-u0UR76-pxfhYL6Wxj2vfL2geUcxDwk62tTWWhGG6QDGc63RG3NdOz38-yBwRHDQ=s800-c-k-c0x00ffffff-no-rj"
"76","UCqJ5zFEED1hWs0KNQCQuYdQ","Mikecrack","58600000","22114571142","ES","Spain","Gaming","Role-playing video game / Gaming / Action-adventure game / Action game","https://www.youtube.com/channel/UCqJ5zFEED1hWs0KNQCQuYdQ","https://yt3.ggpht.com/fuDBmMf8vPJYWpka58XVVY9Y2g8C9XaZMQtEoFUY05VLFP-Dz64A_-n_XvWfUPb_W79NB3Xz5g=s800-c-k-c0x00ffffff-no-rj"
"77","UCJg19noZp7-BYIGvypu_cow","JioHotstar Kids","58500000","18754545201","IN","India","Entertainment","Movies / Entertainment / TV shows","https://www.youtube.com/channel/UCJg19noZp7-BYIGvypu_cow","https://yt3.ggpht.com/j_JUIVTQrCUt65VCv0gzq_DESYKFn-YeG3bfguq85vJz8GFpfwUw_MIi06iIcC9pD21OZM9R=s800-c-k-c0x00ffffff-no-rj"
"78","UC9CoOnJkIBMdeijd9qYoT_g","Ariana Grande","58200000","33455956646","","Unknown","Music","Pop music / Music","https://www.youtube.com/channel/UC9CoOnJkIBMdeijd9qYoT_g","https://yt3.ggpht.com/hK5f1t-mCu2WrNg3WPSrS5rySMl-wT0z3wNZuIWvC3gPtM4glWNszP0LthUxBcZVxgWVs6rq=s800-c-k-c0x00ffffff-no-rj"
"79","UCRx3mKNUdl8QE06nEug7p6Q","Billion Surprise Toys","57700000","15078185829","US","United States","Music / Entertainment","Music / Entertainment / Movies","https://www.youtube.com/channel/UCRx3mKNUdl8QE06nEug7p6Q","https://yt3.ggpht.com/SGGVU_o46QpD7DG_eL_N-G_rA-KZNUHC1BYqLvZQs2HCYWfr4aBnEU5alxp6FdDCLqgAA9L3JEc=s800-c-k-c0x00ffffff-no-rj"
"80","UClZkHt2kNIgyrTTPnSQV3SA","Get Movies","57200000","38721095698","AE","United Arab Emirates","Entertainment","Entertainment / Movies / TV shows","https://www.youtube.com/channel/UClZkHt2kNIgyrTTPnSQV3SA","https://yt3.ggpht.com/LJtHidoRaUOdr8hGP8dsMAWA2k2ETbgkSGBxbF6bGIxV4K5IjEoR0LVnzm_te32fV8esryFI=s800-c-k-c0x00ffffff-no-rj"
"81","UC-LPIU24bQXVljUXivKEeRQ","StarPlus","56800000","67237729666","IN","India","Entertainment","Movies / Entertainment / TV shows","https://www.youtube.com/channel/UC-LPIU24bQXVljUXivKEeRQ","https://yt3.ggpht.com/oaxPuONLWfMg8t4OWUOoLjjrz4nRkZFz5bm69M4oRI2JOa0JH152cwxNR17mYoE4cbFYK81xgQ=s800-c-k-c0x00ffffff-no-rj"
"82","UCwHE1kM1CPJd_pI9FQ0-4dg","shfa","56700000","38414417929","AE","United Arab Emirates","Lifestyle","Lifestyle / Food","https://www.youtube.com/channel/UCwHE1kM1CPJd_pI9FQ0-4dg","https://yt3.ggpht.com/ytc/AIdro_kR2yABwzXg1bW3X3qVV3euZ3s4pSDNL1PpvdeYAZwP9yo=s800-c-k-c0x00ffffff-no-rj"
"83","UCYiGq8XF7YQD00x7wAd62Zg","JuegaGerman","56700000","19087049065","CL","Chile","Gaming","Action game / Gaming / Action-adventure game / Role-playing video game","https://www.youtube.com/channel/UCYiGq8XF7YQD00x7wAd62Zg","https://yt3.ggpht.com/vOsrLzWD4z1dbr470nEXydi3Kb55jW6YqcpQiq1LHyj9IvElga7zBHEfqFZvC26BRKmQimEbiA=s800-c-k-c0x00ffffff-no-rj"
"84","UCzoUWqjCbcfWFdOMvoep8FA","Juan De Dios Pantoja","56200000","9698229684","MX","Mexico","Lifestyle","Lifestyle","https://www.youtube.com/channel/UCzoUWqjCbcfWFdOMvoep8FA","https://yt3.ggpht.com/En0s2T-YxAm-uqrG-7ND0tcj7skVFzkN_LF0w2E_drO0bxW4nC4SppGQEv53wKoCUsBn9UAU3g=s800-c-k-c0x00ffffff-no-rj"
"85","UCu59yAFE8fM0sVNTipR4edw","Masha and The Bear","55600000","37512428652","US","United States","Entertainment","Entertainment / Movies / TV shows","https://www.youtube.com/channel/UCu59yAFE8fM0sVNTipR4edw","https://yt3.ggpht.com/HOovWxotscnUXBAdVGlmMd1UMdnLOMpbqdQIOx_Xaq5_uw6NIPOnFgZCzNvLTpMvGQ3HWTGk1Q=s800-c-k-c0x00ffffff-no-rj"
"86","UCstEtN0pgOmCf02EdXsGChw","ABS-CBN Entertainment","55300000","60024229213","PH","Philippines","Entertainment","Movies / Entertainment / TV shows","https://www.youtube.com/channel/UCstEtN0pgOmCf02EdXsGChw","https://yt3.ggpht.com/4bXwJYOOQaZkVY1KpXj-VgGNaZF5jtDM_FqSgFco276AXH0Aff5CE-DWE9-5_oF_8z0xWIHVHg=s800-c-k-c0x00ffffff-no-rj"
"87","UCEeEQxm6qc_qaTE7qTV5aLQ","HUM TV","55300000","55010863198","PK","Pakistan","Entertainment","TV shows / Entertainment / Movies","https://www.youtube.com/channel/UCEeEQxm6qc_qaTE7qTV5aLQ","https://yt3.ggpht.com/zA-EJBUBG8nI8atakCCYgxw6c42fzoxDgIK_3bao7CRZaOR3aBc02VciNymKFMJxYPmQKnnL=s800-c-k-c0x00ffffff-no-rj"
"88","UCvh1at6xpV1ytYOAzxmqUsA","Jess No Limit","54600000","7345572770","ID","Indonesia","Gaming","Action game / Gaming / Strategy video game / Role-playing video game","https://www.youtube.com/channel/UCvh1at6xpV1ytYOAzxmqUsA","https://yt3.ggpht.com/72jGosJaua07u-qA8mROVLpQNII_pdx6hKuBhu-jcxejUWnkfvpLxX5raPy79l7VTSSP3uUx2g=s800-c-k-c0x00ffffff-no-rj"
"89","UCQ7x25F6YXY9DvGeHFxLhRQ","shfa2 - شفا","54300000","40816632105","AE","United Arab Emirates","Lifestyle","Lifestyle","https://www.youtube.com/channel/UCQ7x25F6YXY9DvGeHFxLhRQ","https://yt3.ggpht.com/ytc/AIdro_lWrQQZF3PDlmxwKs--h7h6yx4OgrTsD0eTL5IpnFRiOFM=s800-c-k-c0x00ffffff-no-rj"
"90","UCYLNGLIzMhRTi6ZOLjAPSmw","Shakira","54100000","39040401702","","Unknown","Music / Lifestyle","Pop music / Music / Music of Latin America / Lifestyle","https://www.youtube.com/channel/UCYLNGLIzMhRTi6ZOLjAPSmw","https://yt3.ggpht.com/FhrbXrCCkXlRFrTlJR6uZMzZO0PvnUoQdqK2b920BF6IjDsScsYwixMcLQHtwDy-CnWAWB0yiD4=s800-c-k-c0x00ffffff-no-rj"
"91","UCe6n0z9UbsxYCS8P83f84tw","Sierra & Rhia FAM","53900000","103820600171","CA","Canada","Lifestyle","Lifestyle / Hobby","https://www.youtube.com/channel/UCe6n0z9UbsxYCS8P83f84tw","https://yt3.ggpht.com/22KWq5Yhu83VPw7IVzKltoTktVVPzE0uS3ypEs3NkOpvKIkgjddQYQuLQB3vzOrJv1yunb-f=s800-c-k-c0x00ffffff-no-rj"
"92","UCRm96I5kmb_iGFofE5N691w","T-Series Bollywood Classics","53900000","43639138588","IN","India","Music / Entertainment","Music / Music of Asia / Movies / Entertainment / Pop music","https://www.youtube.com/channel/UCRm96I5kmb_iGFofE5N691w","https://yt3.ggpht.com/gmC_qPleYtmSRfm2cpMMFARltMfwoCr9ZqhDe3Y9flc1kb9a5jLSFJShvhHgP0QipA5X5ZV0BQ=s800-c-k-c0x00ffffff-no-rj"
"93","UCWi_65E_L8tQZ34C6wVAlpQ","Ishtar Music","53900000","24911563723","IN","India","Music / Entertainment","Movies / Music of Asia / Music / Pop music / Entertainment","https://www.youtube.com/channel/UCWi_65E_L8tQZ34C6wVAlpQ","https://yt3.ggpht.com/_2stKAroIlWX3mlvvTTtrUhZHkgK9GaIlJNsBTsces6EhFTvFN9Hqt5kNJZW_FHyDBIz3JJA4g=s800-c-k-c0x00ffffff-no-rj"
"94","UC_gV70G_Y51LTa3qhu8KiEA","LUCCAS NETO","53600000","15608089453","BR","Brazil","Lifestyle","Hobby / Lifestyle","https://www.youtube.com/channel/UC_gV70G_Y51LTa3qhu8KiEA","https://yt3.ggpht.com/SoLEjSFBedPokpcdr8CTbzz4mTCXWKY-5lQzCwxv8btRtdZVbhNPRD8oSli-Avn5wWDNPbAV=s800-c-k-c0x00ffffff-no-rj"
"95","UCmBA_wu8xGg1OfOkfW13Q0Q","Bad Bunny","53200000","49628018320","PR","Puerto Rico","Music","Hip hop music / Music / Music of Latin America / Electronic music / Pop music","https://www.youtube.com/channel/UCmBA_wu8xGg1OfOkfW13Q0Q","https://yt3.ggpht.com/Ys37SrZ6B7RUW8_X3YvQet7VCFNnWa5C5PXe09OgIoY9UkTt1GpP_zap1-w2VF5gZcyS5xQmbJs=s800-c-k-c0x00ffffff-no-rj"
"96","UCX8pnu3DYUnx8qy8V_c6oHg","Techno Gamerz","53200000","16540772451","IN","India","Gaming","Puzzle video game / Action-adventure game / Gaming / Action game / Role-playing video game / Simulation video game","https://www.youtube.com/channel/UCX8pnu3DYUnx8qy8V_c6oHg","https://yt3.ggpht.com/ytc/AIdro_mSh0doIgogNhhpzLcRYEMRorZefkBUe_6LYOWnLgzSyFc=s800-c-k-c0x00ffffff-no-rj"
"97","UCSiDGb0MnHFGjs4E2WKvShw","MR. INDIAN HACKER","53100000","11403635708","IN","India","Entertainment / Lifestyle","Entertainment / Lifestyle / Movies","https://www.youtube.com/channel/UCSiDGb0MnHFGjs4E2WKvShw","https://yt3.ggpht.com/LEbgOamka985TcXWUMeAVOzx3c0AZCyYjiiK-kb8uONftdu9yP3NPBL0Hr1-MuftF-fNKoQP=s800-c-k-c0x00ffffff-no-rj"
"98","UCgKEvLp8DXCTMq4QY6wW7bw","Real fools shorts official","52900000","19775937494","IN","India","Entertainment","Movies / Entertainment","https://www.youtube.com/channel/UCgKEvLp8DXCTMq4QY6wW7bw","https://yt3.ggpht.com/8kllzNv_4fOg31JamUCeqxI4cwNx5NGtgmaOvq1fpmDPfwJbvx_yS45r5FRD4aRR69V2gdpe=s800-c-k-c0x00ffffff-no-rj"
"99","UCyI6QRxXArFsfWlMdvoG2hw","Karla Bustillos","52800000","17162111497","MX","Mexico","Entertainment / Lifestyle","Entertainment / Lifestyle / Movies","https://www.youtube.com/channel/UCyI6QRxXArFsfWlMdvoG2hw","https://yt3.ggpht.com/bzwZa2MXC9ZEyfYPSsLvg-LOUTQ2Q8E0QnTs512qmy6adr7Vm8thj8Ri05OEB6Hz_Nmso05CidM=s800-c-k-c0x00ffffff-no-rj"
"100","UCbGPgvNunvclTypPtL3sa0w","BEN EAGLE","52300000","44403125324","VN","Vietnam","Entertainment","Movies / Entertainment","https://www.youtube.com/channel/UCbGPgvNunvclTypPtL3sa0w","https://yt3.ggpht.com/Nxc-2er6RVYauwT5Up8T2ykdQojoENRK-dE94CSXANKNKvZHsBHSpqXm_4p1mmgAxXTKOcoZ=s800-c-k-c0x00ffffff-no-rj"
"101","UCdX5KXiCTPYWYZscfphgQ4g","BeatboxJCOP","51900000","30307875149","","Unknown","Music / Entertainment","Music / Entertainment / Hip hop music","https://www.youtube.com/channel/UCdX5KXiCTPYWYZscfphgQ4g","https://yt3.ggpht.com/49iW-jgJ4MOWR0DqF17gXU8mwE8eEEkpKF4mUe_gmjPVRdKUJvKuXv1WpY4sZSdvl1kkFXVAoCA=s800-c-k-c0x00ffffff-no-rj"
"102","UC6gVx_vALsYT-z_u1djJbBQ","BETER BÖCÜK","51900000","16438228557","TR","Türkiye","Entertainment / Lifestyle","Entertainment / Lifestyle","https://www.youtube.com/channel/UC6gVx_vALsYT-z_u1djJbBQ","https://yt3.ggpht.com/h6JNY_6GJWYJkhoROr-XyTI8KNbzG5PdL7lxmU4dvbzpnrm5ZzTZgxJz7y8t1E3gkPmcwpJpLZE=s800-c-k-c0x00ffffff-no-rj"
"103","UCwVg9btOceLQuNCdoQk9CXg","Ben Azelart","51400000","13451472290","US","United States","Entertainment / Lifestyle","Entertainment / Lifestyle / Hobby","https://www.youtube.com/channel/UCwVg9btOceLQuNCdoQk9CXg","https://yt3.ggpht.com/Y_5UEmFz4ClK77lAjsApC6Hv1h0t4WaeJWpZCPfK1t_ghrnaVeDtiqQWKOJyu4aofx7o25jmaaA=s800-c-k-c0x00ffffff-no-rj"
"104","UCRWFSbif-RFENbBrSiez1DA","ABP NEWS","51300000","34137698713","IN","India","Society","Society / Politics","https://www.youtube.com/channel/UCRWFSbif-RFENbBrSiez1DA","https://yt3.ggpht.com/cs6p1LSNJDQLhs9abvm8Sc_NT_SG5_6mHQo9ML2CtyIwOcHSDB48W4Apqjrg-LWMXRCXkv4Ai0U=s800-c-k-c0x00ffffff-no-rj"
"105","UCK5Q72Uyo73uRPk8PmM2A3w","Genevieve's Playhouse - Learning Videos for Kids","51000000","43964943301","US","United States","Entertainment / Lifestyle","Lifestyle / Hobby / Entertainment","https://www.youtube.com/channel/UCK5Q72Uyo73uRPk8PmM2A3w","https://yt3.ggpht.com/ytc/AIdro_kbIC31vc6vnxLlz_EpLvg_xxTI3MuN2dq7klx_4g_qBuk=s800-c-k-c0x00ffffff-no-rj"
"106","UCttspZesZIDEwwpVIgoZtWQ","IndiaTV","50900000","36409366712","IN","India","Entertainment / Society","Politics / Society / TV shows","https://www.youtube.com/channel/UCttspZesZIDEwwpVIgoZtWQ","https://yt3.ggpht.com/8VL4gMfdN2DAnnsyEHUkwxjzIIAs5DcoTeYRQLvS3ExNPu1Op0YsdhY9664A-FXNGScHRKoe=s800-c-k-c0x00ffffff-no-rj"
"107","UCj-SWZSE0AmotGSQ3apROHw","PowerKids TV","50800000","32455449124","IE","Ireland","Entertainment","TV shows / Movies / Entertainment","https://www.youtube.com/channel/UCj-SWZSE0AmotGSQ3apROHw","https://yt3.ggpht.com/YxaykkozcK8iHddSeZQX16gvHngNU83EZI2wGtKWK6gLwf02FqRg8xnKFB-ouMnGT8CBYsfqCQo=s800-c-k-c0x00ffffff-no-rj"
"108","UCKe6w0exI94U-RzqAyoY1VA","Maria Clara & JP","50700000","36628699041","US","United States","Entertainment / Lifestyle","Hobby / Lifestyle / Entertainment","https://www.youtube.com/channel/UCKe6w0exI94U-RzqAyoY1VA","https://yt3.ggpht.com/ytc/AIdro_n8EDt3qdYql9Dt6WAZDlb_7Af8wIukpc3h3cAbCptHNUg=s800-c-k-c0x00ffffff-no-rj"
"109","UCV4xOVpbcV8SdueDCOxLXtQ","Fernanfloo","50700000","11165396006","SV","El Salvador","Gaming","Action-adventure game / Gaming / Action game","https://www.youtube.com/channel/UCV4xOVpbcV8SdueDCOxLXtQ","https://yt3.ggpht.com/ytc/AIdro_krZWidm2ZqWJuhvJ-tD054MwbRpjzt6tubu0JFx0L6ZD0=s800-c-k-c0x00ffffff-no-rj"
"110","UCjaxmdb_gTWbz9XF5rzvgGg","Natan por Aí","50600000","24329691037","BR","Brazil","Entertainment / Lifestyle","Entertainment / Lifestyle / Movies","https://www.youtube.com/channel/UCjaxmdb_gTWbz9XF5rzvgGg","https://yt3.ggpht.com/IZzK9T0YHjOBEwmdWlCoLW3uB5Eqx1ZYFUzpeqHUSoL-iIKfA5JsLQOG6V3lqFULewa9MO8D=s800-c-k-c0x00ffffff-no-rj"
"111","UCqq5n-Oe-r1EEHI3yvhVJcA","AboFlah","50500000","9331182643","KW","Kuwait","Gaming / Entertainment","Gaming / Entertainment / Movies","https://www.youtube.com/channel/UCqq5n-Oe-r1EEHI3yvhVJcA","https://yt3.ggpht.com/1dbuciiH7h9ZkH30epzkWgOIrCZcYOfDUugutmaK2om1l8bde5zZbpeGT23iMJZ-rnuZ1j2rELY=s800-c-k-c0x00ffffff-no-rj"
"112","UC4tS4Q_Cno5JVcIUXxQOOpA","Ricis Official","50200000","9766600553","ID","Indonesia","Music / Lifestyle","Tourism / Lifestyle / Music","https://www.youtube.com/channel/UC4tS4Q_Cno5JVcIUXxQOOpA","https://yt3.ggpht.com/e2KIgiSxEjACUp8UsXMcjw37cKSqx2nJ6iIsbZ-hI19QtGbhk2bNOlyTWS3paM9iMg9FPCTq8eo=s800-c-k-c0x00ffffff-no-rj"
"113","UCo6y9hnRawAqtyWhRhblXqg","Dushyant kukreja","50000000","35579340094","IN","India","Entertainment / Lifestyle","Lifestyle / Entertainment / Movies","https://www.youtube.com/channel/UCo6y9hnRawAqtyWhRhblXqg","https://yt3.ggpht.com/AkyD6Spy86Ovr9ZR2Tp6gTf-JNMROavNVVeXznIwx32-3cDanr7hWiqD3A6RrVVXJ5gjg-EZ=s800-c-k-c0x00ffffff-no-rj"
"114","UCaK9J_lZbUjVixFHuP4vYag","Ricky Limon","49800000","21106532945","MX","Mexico","Entertainment / Lifestyle","Entertainment / Lifestyle / Movies","https://www.youtube.com/channel/UCaK9J_lZbUjVixFHuP4vYag","https://yt3.ggpht.com/ytc/AIdro_kSrl3Lh7r5LXy3trSiR5uXDC5OKswFgfPYTee262mNjv0=s800-c-k-c0x00ffffff-no-rj"
"115","UCQIUhhcmXsu6cN6n3y9-Pww","Jesser","49700000","14293144162","US","United States","Sports / Entertainment / Lifestyle","Football / Sports / Lifestyle / Entertainment","https://www.youtube.com/channel/UCQIUhhcmXsu6cN6n3y9-Pww","https://yt3.ggpht.com/pJe9dElbAj7ZlcGducMEoxfGWu5cKcwnmB7Qu1qKm_dzR0jukIV4myZUhj78P2nt0L3fPuA7rQ=s800-c-k-c0x00ffffff-no-rj"
"116","UCtW7qWjpCZ8zps-Cf2NF26w","Goldmines Gaane Sune Ansune","49500000","18432496323","IN","India","Music / Entertainment","Pop music / Music of Asia / Music / Movies / Entertainment","https://www.youtube.com/channel/UCtW7qWjpCZ8zps-Cf2NF26w","https://yt3.ggpht.com/dEGXM4wDIFcuWCGSLpIzUBn8EXVMpIz1Ni5Dn0YP3u8iTsWs5U_7W2bKeTPza5BeaAI-YIYk1Ck=s800-c-k-c0x00ffffff-no-rj"
"117","UCgJ5_1F6yJhYLnyMszUdmUg","Shorts Break","48800000","43558342177","IN","India","Entertainment","Movies / Entertainment","https://www.youtube.com/channel/UCgJ5_1F6yJhYLnyMszUdmUg","https://yt3.ggpht.com/dDnG6kSxYL5QBi-Czc0-3oo8pq48VzbHC5P15D6_Om-56u7Wiq_Vy9f_w9OMBcblI0yg5AQw5Kc=s800-c-k-c0x00ffffff-no-rj"
"118","UCOsyDsO5tIt-VZ1iwjdQmew","Speed Records","48800000","37631981670","IN","India","Music","Music of Asia / Music / Pop music","https://www.youtube.com/channel/UCOsyDsO5tIt-VZ1iwjdQmew","https://yt3.ggpht.com/ytc/AIdro_lTIClTxbIfXAJHtzwqInxzY5h7PnvI9thZffyXeoa6xsA=s800-c-k-c0x00ffffff-no-rj"
"119","UC2bYhAHyaqfWlPXWBVk4BcA","Enaldinho","48300000","26279067515","BR","Brazil","Entertainment / Lifestyle","Movies / Lifestyle / Entertainment","https://www.youtube.com/channel/UC2bYhAHyaqfWlPXWBVk4BcA","https://yt3.ggpht.com/ytc/AIdro_lNfCHmB7VYlLAcGD4zEuR5gKBf4KWe8pSs6TCwLLw7xbo=s800-c-k-c0x00ffffff-no-rj"
"120","UC4hGmH5sABOA70D4fGb8qNQ","Frost Diamond","48300000","15479054256","ID","Indonesia","Gaming / Entertainment","Entertainment / Action-adventure game / Gaming / Role-playing video game","https://www.youtube.com/channel/UC4hGmH5sABOA70D4fGb8qNQ","https://yt3.ggpht.com/ytc/AIdro_koyYvPfzTasJkD2Ypv4Pw3UFLeR9IeIB1xKG5E8IWq8FA=s800-c-k-c0x00ffffff-no-rj"
"121","UCzEAWIWMigRBbulQ6yVlilg","Priyal Kukreja","48200000","37689840502","IN","India","Entertainment / Lifestyle","Movies / Entertainment / Lifestyle","https://www.youtube.com/channel/UCzEAWIWMigRBbulQ6yVlilg","https://yt3.ggpht.com/e0PQ2IE-7XkTG5mtn_l4meYBwBOyD5zGLU9faPFWml8zQACG90sE677UXziQ885AiOpZqO3d=s800-c-k-c0x00ffffff-no-rj"
"122","UCV306eHqgo0LvBf3Mh36AHg","Felipe Neto","48100000","19880891283","BR","Brazil","Entertainment / Lifestyle","Entertainment / Lifestyle / Movies","https://www.youtube.com/channel/UCV306eHqgo0LvBf3Mh36AHg","https://yt3.ggpht.com/tAIhMnYhru69dCMd--u2zdrihXJHwDE8GGseytJN4ITNH_VkNU3iTexMDiJ4y0HEI9vkusoWBOc=s800-c-k-c0x00ffffff-no-rj"
"123","UCmL1WlDI8UkXDXCXcBQN9CA","Ultra Bollywood","47800000","18999331660","IN","India","Entertainment","Movies / Entertainment","https://www.youtube.com/channel/UCmL1WlDI8UkXDXCXcBQN9CA","https://yt3.ggpht.com/k-ttextobVe4D05OqobL_IMQNFB1I-gjyIsLS35YB7jWK4dAFcn5UE1lyqcPDFhEqWBtdkvEE4Q=s800-c-k-c0x00ffffff-no-rj"
"124","UCJrOtniJ0-NWz37R30urifQ","Alan Walker","47800000","17400768922","NO","Norway","Music","Electronic music / Music / Pop music","https://www.youtube.com/channel/UCJrOtniJ0-NWz37R30urifQ","https://yt3.ggpht.com/szaxCabB1IGufmLYxs1ZxJBnDV1N4xdlvvCNqVV7HFQw2n2MEAwNkA229ARyBiKLnAXRkxVEuA=s800-c-k-c0x00ffffff-no-rj"
"125","UCLYqpLGnCoQfcD7BdDKsSxQ","Mariano Razo","47700000","31496940052","MX","Mexico","Lifestyle","Lifestyle","https://www.youtube.com/channel/UCLYqpLGnCoQfcD7BdDKsSxQ","https://yt3.ggpht.com/ByseXk4SrXCcKLIf9HGVJ_v3M3t-Kc5FjuQMxFibeTIRrbDx32smFvTS9C-LIhsAA46fRoGCYA=s800-c-k-c0x00ffffff-no-rj"
"126","UCsSsgPaZ2GSmO6il8Cb5iGA","skibidi","47600000","21113060460","US","United States","Gaming","Action-adventure game / Gaming / Role-playing video game / Action game","https://www.youtube.com/channel/UCsSsgPaZ2GSmO6il8Cb5iGA","https://yt3.ggpht.com/V_vZjmzBdrlhDqMTm-NeMfBfJGmE0O7X35AJHMcm8lL-Y0EjnycOnSGaxeFlf_FjHh7xvhjA=s800-c-k-c0x00ffffff-no-rj"
"127","UCYWOjHweP2V-8kGKmmAmQJQ","Badabun","47600000","20370175662","MX","Mexico","Lifestyle / Society","Lifestyle / Society","https://www.youtube.com/channel/UCYWOjHweP2V-8kGKmmAmQJQ","https://yt3.ggpht.com/f3gHNyF4omCvi9dRThcWpRYNKNJuGoeyOAA2ucz7_1kue-6qPRZCsXJIsXeQjCClYrhvBFmUDA=s800-c-k-c0x00ffffff-no-rj"
"128","UCQZfFRohQ7UX-0CdXl-6pwQ","Kimberly Loaiza","47600000","7497294774","MX","Mexico","Entertainment / Lifestyle","Lifestyle / Entertainment","https://www.youtube.com/channel/UCQZfFRohQ7UX-0CdXl-6pwQ","https://yt3.ggpht.com/laXXrVdjFWIdweoBMaLB-V6lmTD7Z72EZtCns0IfQRO7vZAPTitBgOKxyJo_SjEITIvIY0if=s800-c-k-c0x00ffffff-no-rj"
"129","UCYvmuw-JtVrTZQ-7Y4kd63Q","Katy Perry","47400000","30589025800","US","United States","Music / Entertainment / Lifestyle","Music / Lifestyle / Entertainment","https://www.youtube.com/channel/UCYvmuw-JtVrTZQ-7Y4kd63Q","https://yt3.ggpht.com/At-OTmzPnkE8xcDw08lHdUxbGy9TP-jzB4f4EnvcnUVTMuHoLP-sE8WY3OkwK6DJdWN6OJII=s800-c-k-c0x00ffffff-no-rj"
"130","UCNRl8nOCoUvki2FNFxQZgEg","dednahype","47300000","47018095440","LV","Latvia","Entertainment / Lifestyle","Lifestyle / Entertainment","https://www.youtube.com/channel/UCNRl8nOCoUvki2FNFxQZgEg","https://yt3.ggpht.com/7zXJWct_mAgVd14vtbIkzWRve0v1_V0tncOxB0K6dQyxG06LCKea6kZWUYdGYiH1neqRledf2A=s800-c-k-c0x00ffffff-no-rj"
"131","UCw7xjxzbMwgBSmbeYwqYRMg","Sony PAL","47300000","39170654323","","Unknown","Entertainment","Movies / TV shows / Entertainment / Humor","https://www.youtube.com/channel/UCw7xjxzbMwgBSmbeYwqYRMg","https://yt3.ggpht.com/AU6M16mvllbIJosxdTX_DA8LDrrKIGsGdx1bjfYhUNSx8_UdWiVCWAvx90pXprSpWYEhxTyB=s800-c-k-c0x00ffffff-no-rj"
"132","UCj0O6W8yDuLg3iraAXKgCrQ","Você Sabia?","47300000","8693930813","BR","Brazil","Entertainment / Society","Entertainment / Society","https://www.youtube.com/channel/UCj0O6W8yDuLg3iraAXKgCrQ","https://yt3.ggpht.com/ytc/AIdro_kdYOUtp16eJsT8yUlmbU2sDUP8ESohkDlSLW9KDUXwJQI=s800-c-k-c0x00ffffff-no-rj"
"133","UCLsooMJoIpl_7ux2jvdPB-Q","Super Simple Songs - Kids Songs","47000000","64140352974","CA","Canada","Music / Entertainment","Movies / Music / Entertainment","https://www.youtube.com/channel/UCLsooMJoIpl_7ux2jvdPB-Q","https://yt3.ggpht.com/x7yHOvSWKX_olv_pgx1Ou4SsHI_eOg27sXy9jbNO15rHMG3y425LnmFIyoxDyvLA8Qi3k_0rWw=s800-c-k-c0x00ffffff-no-rj"
"134","UCuSo4gcgxJRf4Bzu43wwVyg","Masha y el Oso","46800000","30412629274","MX","Mexico","Entertainment","Entertainment / Movies / TV shows","https://www.youtube.com/channel/UCuSo4gcgxJRf4Bzu43wwVyg","https://yt3.ggpht.com/_dp25eYsg1Ec7ZEVghr5J6B1TtplPa7iISb4_0AB8drAhiw92cQ7QG_God_4fDfHuJXjUffw=s800-c-k-c0x00ffffff-no-rj"
"135","UCMyOj6fhvKFMjxUCp3b_3gA","Nick DiGiovanni","46600000","23714823768","US","United States","Lifestyle","Food / Lifestyle","https://www.youtube.com/channel/UCMyOj6fhvKFMjxUCp3b_3gA","https://yt3.ggpht.com/CofMW7AEzKvJogOyUg6_k_H0_jlaa4y2yC0mm-cbjvEpAv_IdOTxttHMIDFM3bD_pM6BBzS4Y44=s800-c-k-c0x00ffffff-no-rj"
"136","UCcOMTVILq-yIqtFmOqt-QOg","Vlad và Niki","46400000","30909882672","US","United States","Entertainment / Lifestyle","Hobby / Entertainment / Lifestyle","https://www.youtube.com/channel/UCcOMTVILq-yIqtFmOqt-QOg","https://yt3.ggpht.com/r759H2HZyNFqMraad0csyHnznvGCFgCFwCKbE5sOvAtQPzcPq10n1DBy67venFgm7x_60c8Vf4s=s800-c-k-c0x00ffffff-no-rj"
"137","UCcgqSM4YEo5vVQpqwN-MaNw","Rihanna","46400000","30049028999","","Unknown","Music / Lifestyle","Pop music / Music / Rhythm and blues / Lifestyle","https://www.youtube.com/channel/UCcgqSM4YEo5vVQpqwN-MaNw","https://yt3.ggpht.com/qMCGjRaKKRar82KzcIWdUoLbJ03aW2K2sEf-m4GaB7JwLshoHOZHvkxLRXsZVgpKvqCXVhKCWg=s800-c-k-c0x00ffffff-no-rj"
"138","UCwpcLKMwiuPg4aqImpGk6Ew","La Granja de Zenón","46300000","42595482110","AR","Argentina","Music / Entertainment","Music / Entertainment / Movies","https://www.youtube.com/channel/UCwpcLKMwiuPg4aqImpGk6Ew","https://yt3.ggpht.com/2LAOr2GE8PicrOOBQKZEH0ZJDyz19LmzkOdFv_MLkTLfW5-sAZRogP7vav3Qu2IU6QjtBwv6=s800-c-k-c0x00ffffff-no-rj"
"139","UCK9F8nycURBsR0YlrBsu1Ag","Jingle Toons","46300000","17042553422","","Unknown","Music / Entertainment","Music / Music of Asia / Movies / Entertainment","https://www.youtube.com/channel/UCK9F8nycURBsR0YlrBsu1Ag","https://yt3.ggpht.com/ytc/AIdro_lQm2XrrKZ3ie2CZrKUyv-24bln9TKYDf7R0w3R0cJ2TfM=s800-c-k-c0x00ffffff-no-rj"
"140","UCBR8-60-B28hp2BmDPdntcQ","YouTube","46300000","1321099124","US","United States","Entertainment / Lifestyle","Lifestyle / Entertainment","https://www.youtube.com/channel/UCBR8-60-B28hp2BmDPdntcQ","https://yt3.ggpht.com/3s6evpqAiDU9tQR4sC2siJippbH2RWVPnwHgyl4V0th2iuQz0VDQZbUhQBGmsxLYo-mjG6TqZQ=s800-c-k-c0x00ffffff-no-rj"
"141","UCJfNJmcv6LXCDsaa2kB_-7A","MaviGadget","46100000","63984868987","US","United States","Lifestyle","Technology / Lifestyle","https://www.youtube.com/channel/UCJfNJmcv6LXCDsaa2kB_-7A","https://yt3.ggpht.com/QW-VWhv9Eq89fh5fRKJgAGMpZa5WwgAVoL5KGvKWBVEthaEGDpPDd8ux6cQqkG1aeHbUyV-IiiU=s800-c-k-c0x00ffffff-no-rj"
"142","UCECJDeK0MNapZbpaOzxrUPA","Luisito Comunica","46000000","11996539738","MX","Mexico","Lifestyle","Tourism / Lifestyle","https://www.youtube.com/channel/UCECJDeK0MNapZbpaOzxrUPA","https://yt3.ggpht.com/ytc/AIdro_nyXrAAt-FJ5azOAUoNd5Iw0aGQb-_b-SLSOkW0B_N2md4=s800-c-k-c0x00ffffff-no-rj"
"143","UC5c9VlYTSvBSCaoMu_GI6gQ","Total Gaming","45900000","5240201382","IN","India","Gaming","Action game / Gaming / Action-adventure game / Simulation video game / Puzzle video game / Role-playing video game","https://www.youtube.com/channel/UC5c9VlYTSvBSCaoMu_GI6gQ","https://yt3.ggpht.com/ytc/AIdro_l7o9hDEiDVLvAW00YMnnYKzf4UpyJWhREfNWD3V33mBhM=s800-c-k-c0x00ffffff-no-rj"
"144","UCj22tfcQrWG7EMEKS0qLeEg","CarryMinati","45800000","4534898779","IN","India","Entertainment","Humor / Entertainment / Movies","https://www.youtube.com/channel/UCj22tfcQrWG7EMEKS0qLeEg","https://yt3.ggpht.com/cxE8FStJktJ2oiuv1f-7OHMfJI7ZlMby4NgPDkfJTyV3sOsvdo5pmsAb8TAcJVNor6gNT2h_0w=s800-c-k-c0x00ffffff-no-rj"
"145","UCx790OVgpTC1UVBQIqu3gnQ","★ Kids Roma Show","45600000","22876903527","US","United States","Entertainment / Lifestyle","Lifestyle / Entertainment / Hobby","https://www.youtube.com/channel/UCx790OVgpTC1UVBQIqu3gnQ","https://yt3.ggpht.com/ytc/AIdro_lFn3mh5BIe7qqMcu8Rcd0wDTS6hsBket8y2ZkXgORumzI=s800-c-k-c0x00ffffff-no-rj"
"146","UCz7PhJtc2G8Sre2vCLfmqAw","Akshay Nagwadiya","45300000","15882202341","","Unknown","Entertainment","Movies / Entertainment","https://www.youtube.com/channel/UCz7PhJtc2G8Sre2vCLfmqAw","https://yt3.ggpht.com/3GuN03BT2sZrWaGYchYEZ2ya-tHSyEwaaiJRramsJYgmHom5BdY6jTIBm2RRmnF9W5FGGD5DfuY=s800-c-k-c0x00ffffff-no-rj"
"147","UC8f7MkX4MFOOJ2SerXLInCA","ช่อง one31","45100000","35958984210","TH","Thailand","Entertainment","Entertainment / TV shows / Movies","https://www.youtube.com/channel/UC8f7MkX4MFOOJ2SerXLInCA","https://yt3.ggpht.com/A1coZbOB-4uFVu1EDYTcAzKfyrJWUrBOxvrMEPkW2w7Nm5vDzr6bpmWRqiELsGD7Hu-64xuJ=s800-c-k-c0x00ffffff-no-rj"
"148","UCgbfG5HoczHIkpzxLYH-8Ww","Pokémon Kids TV","45100000","3364481592","JP","Japan","Music / Gaming / Entertainment","Entertainment / Music / Movies / Gaming","https://www.youtube.com/channel/UCgbfG5HoczHIkpzxLYH-8Ww","https://yt3.ggpht.com/PE5vp50cefxKicHWmuLpZ9rttT9-s6-EdgUOsxU2mtV8O2p0sBoJ8Uy9H_Ih6rFJpjwvcqE_8g=s800-c-k-c0x00ffffff-no-rj"
"149","UCAOtE1V7Ots4DjM8JLlrYgg","Peppa Pig - Official Channel","44700000","35916972195","GB","United Kingdom","Entertainment","Movies / TV shows / Entertainment","https://www.youtube.com/channel/UCAOtE1V7Ots4DjM8JLlrYgg","https://yt3.ggpht.com/4sHHtkYxkkdfdqyhFG_mt1U-C46v3zt7z5jsySrXnAqRTHrnlUJfVRRF-02szzgaOhqz1eVX=s800-c-k-c0x00ffffff-no-rj"
"150","UCWXCAM8i0N6ZdShx8EqPSzg","BRUNO","44700000","9695396978","JP","Japan","Entertainment","Entertainment","https://www.youtube.com/channel/UCWXCAM8i0N6ZdShx8EqPSzg","https://yt3.ggpht.com/AEPME0o_2zGvF5HwWKaF1zVyj5B-BQJjLfx63fO6q1yu2DciX08g9rUSubRONsVoWk0JC4qU1Q=s800-c-k-c0x00ffffff-no-rj"
"151","UCsT0YIqwnpJCM-mx7-gSA4Q","TEDx Talks","44700000","9104998983","US","United States","Knowledge","Knowledge","https://www.youtube.com/channel/UCsT0YIqwnpJCM-mx7-gSA4Q","https://yt3.ggpht.com/1gDPO-4YPWFErfn3yQBnv0yxpkmiud1m5CrorApkOqUYdNd9FrZQ9xB9C9VmDt4EsgArnlwqAQc=s800-c-k-c0x00ffffff-no-rj"
"152","UCZJ7m7EnCNodqnu5SAtg8eQ","HolaSoyGerman.","44600000","4993782335","CL","Chile","Entertainment","Movies / Entertainment","https://www.youtube.com/channel/UCZJ7m7EnCNodqnu5SAtg8eQ","https://yt3.ggpht.com/ytc/AIdro_kxkrHE7hOdSg005m6_Lr4A-8cj9qhs2cK4hb6fyOy18FA=s800-c-k-c0x00ffffff-no-rj"
"153","UC3KQ5GWANYF8lChqjZpXsQw","whinderssonnunes","44600000","4772460474","BR","Brazil","Entertainment / Lifestyle","Lifestyle / Movies / Entertainment / Humor","https://www.youtube.com/channel/UC3KQ5GWANYF8lChqjZpXsQw","https://yt3.ggpht.com/WGuTozEYpSfDPNWVv7MqKKWr6pK1pulpdrBzZ7tcBGLYgP_VN_Ltyf4DHg-0-WCzLqvGpXIQ=s800-c-k-c0x00ffffff-no-rj"
"154","UC4rlAVgAK0SGk-yTfe48Qpw","BRIGHT SIDE","44500000","11914377239","","Unknown","Knowledge","Knowledge","https://www.youtube.com/channel/UC4rlAVgAK0SGk-yTfe48Qpw","https://yt3.ggpht.com/BimIuq2UYH1h-GQDEiV89I1dUEtpWVR8Mp_Q516vPN8rLw488Ap1G9ALhPUyqN8_HTPMbawTBDk=s800-c-k-c0x00ffffff-no-rj"
"155","UCoUM-UJ7rirJYP8CQ0EIaHA","Bruno Mars","44400000","26566798660","","Unknown","Music","Rhythm and blues / Music / Pop music / Electronic music / Soul music","https://www.youtube.com/channel/UCoUM-UJ7rirJYP8CQ0EIaHA","https://yt3.ggpht.com/dxwzp4IYsNJKDcwNYgF0UGdw9vCWSMqkHaLtC08VVKg8eybNs69pbdTaGdoaKQYHVQjFyeybzA=s800-c-k-c0x00ffffff-no-rj"
"156","UCS94J1s6-qc8v7btCdS2pNg","Like Nastya Show","44300000","22370066459","US","United States","Lifestyle","Lifestyle","https://www.youtube.com/channel/UCS94J1s6-qc8v7btCdS2pNg","https://yt3.ggpht.com/jZe81ws5l57kOqfmVGKlgNZZbNiPQBarmxBiFzB4icuWz2uebZ4aUVYzUkBA-kAbwbR7rMa8ww=s800-c-k-c0x00ffffff-no-rj"
"157","UCpYye8D5fFMUPf9nSfgd4bA","BabyBus - Preschool Songs & Learning Cartoons","44100000","36607465427","US","United States","Music / Entertainment","Entertainment / Movies / Music","https://www.youtube.com/channel/UCpYye8D5fFMUPf9nSfgd4bA","https://yt3.ggpht.com/h8scB8Et9ooSoeRG3goQ3spO1Hh2P8c_aJgH5MtbQ-KdrAXhrLv_RrhoiigOuuzaAMwDAQvfJw=s800-c-k-c0x00ffffff-no-rj"
"158","UC56D-IHcUvLVFTX_8NpQMXg","Brent Rivera","44100000","13589063801","US","United States","Entertainment / Lifestyle","Entertainment / Lifestyle","https://www.youtube.com/channel/UC56D-IHcUvLVFTX_8NpQMXg","https://yt3.ggpht.com/ytc/AIdro_nckg4JPK13gMS2o4E9ZVGXg6bHK0PgwVXTe3YCmvKHksU=s800-c-k-c0x00ffffff-no-rj"
"159","UC3ZkCd7XtUREnjjt3cyY_gg","WorkpointOfficial","44000000","44724542054","TH","Thailand","Entertainment","Entertainment / TV shows / Movies","https://www.youtube.com/channel/UC3ZkCd7XtUREnjjt3cyY_gg","https://yt3.ggpht.com/lXT_mkgftnrUbBlsfedcXnKdIBCu6ja-JqAL4K58EFlA2VR2A85Wqqf_NHmqU6C8S7c3-7iV-Mo=s800-c-k-c0x00ffffff-no-rj"
"160","UCUL9We-R1aCC3GAe-RvOx5g","The geeta gurjar","43900000","70168121110","IN","India","Entertainment / Lifestyle","Entertainment / Lifestyle","https://www.youtube.com/channel/UCUL9We-R1aCC3GAe-RvOx5g","https://yt3.ggpht.com/1KD9NMGlTj84PnHuynrDqfK4UW2tJHe6NKldBRkI4Eft5_ON2kkX-QKOgDhB_AgiXr8gstGe74A=s800-c-k-c0x00ffffff-no-rj"
"161","UCpEJRZdSpdVZ8vh63T9I2KQ","Like Nastya ESP","43700000","23532350678","US","United States","Entertainment / Lifestyle","Hobby / Lifestyle / Entertainment","https://www.youtube.com/channel/UCpEJRZdSpdVZ8vh63T9I2KQ","https://yt3.ggpht.com/AIvCqNbo_MMiiOhLc7VV9p1P7qhkG5eHHqT3ehnl7DAp-pBlptHX5MnJq5B6xU_cYHIoXUrJIg=s800-c-k-c0x00ffffff-no-rj"
"162","UCaHEdZtk6k7SVP-umnzifmQ","TheDonato","43700000","8611184199","AR","Argentina","Gaming","Role-playing video game / Action game / Gaming / Action-adventure game","https://www.youtube.com/channel/UCaHEdZtk6k7SVP-umnzifmQ","https://yt3.ggpht.com/65e_P6PF3xfbp2YZhS-MPrBoWvGXlTpNalK6Y9wz_1Gz5fyEUnxzEWHFo_am0s784VumAIEV=s800-c-k-c0x00ffffff-no-rj"
"163","UCMsPm8-25ygqRrRe9_s1WFw","LeoNata Family","43600000","52078245778","US","United States","Gaming / Entertainment / Lifestyle","Gaming / Entertainment / Lifestyle","https://www.youtube.com/channel/UCMsPm8-25ygqRrRe9_s1WFw","https://yt3.ggpht.com/_mAgJyJ6QJYmRes8DlRbZRYAHhoYNDCfT7DflsHZFdZq9z6TCZ5dwy0LgbiH0g_xgOJv3hhVgDE=s800-c-k-c0x00ffffff-no-rj"
"164","UCR1hQY5sz5NEYofdv09XimA","Kids Channel India - Hindi Rhymes and Baby Songs","43500000","21560119521","IN","India","Music / Entertainment","Music / Entertainment / Movies / Music of Asia","https://www.youtube.com/channel/UCR1hQY5sz5NEYofdv09XimA","https://yt3.ggpht.com/hZYF-Hz4YJp36GJZamItXW6PXGapw5p0nAneFgaRcTYymJLvWpXE0tF7SubIzv_rKa3HVgECN2g=s800-c-k-c0x00ffffff-no-rj"
"165","UCM9r1xn6s30OnlJWb-jc3Sw","XXXTENTACION","43500000","12901726223","US","United States","Music","Electronic music / Pop music / Hip hop music / Music","https://www.youtube.com/channel/UCM9r1xn6s30OnlJWb-jc3Sw","https://yt3.ggpht.com/ytc/AIdro_mbI0EKHCwGVz_gAUSd75-pRb7fmeKH9wye8ionYojiU3Q=s800-c-k-c0x00ffffff-no-rj"
"166","UCq8DICunczvLuJJq414110A","Zach King","43400000","23725530915","US","United States","Entertainment / Lifestyle","Movies / Entertainment / Lifestyle","https://www.youtube.com/channel/UCq8DICunczvLuJJq414110A","https://yt3.ggpht.com/ytc/AIdro_kik7i7hId8EjFMERTw3_j8ODyhoot8JF3iUJRs53htOJc=s800-c-k-c0x00ffffff-no-rj"
"167","UCNUQK9mQoqi4yNXw2_Rj6SA","GR6 EXPLODE","43100000","32802603829","BR","Brazil","Music","Pop music / Music of Latin America / Music / Hip hop music","https://www.youtube.com/channel/UCNUQK9mQoqi4yNXw2_Rj6SA","https://yt3.ggpht.com/PjfX1g1WvpwOd8EOYb9YNxXKEZ84fS8Zq3KqPFhGDL_IkUDmMp0kx2-jKQV164qFyvxMhIsb=s800-c-k-c0x00ffffff-no-rj"
"168","UCHwuASimangJrBjcMdLQdiw","RABBITWARREN - Ninja Skunks vs. Oniball","42800000","1115412402","SG","Singapore","Music / Entertainment","Movies / Entertainment / Music","https://www.youtube.com/channel/UCHwuASimangJrBjcMdLQdiw","https://yt3.ggpht.com/22co__0b6bFXVHSbz-_MxBRDcJOGue50ySTcuYogz3dFdAdD-F6MhCUpgWjnaNvgLf0Lg2sbQpY=s800-c-k-c0x00ffffff-no-rj"
"169","UCIvaYmXn910QMdemBG3v1pQ","Zee News","42400000","34142346016","IN","India","Society","Politics / Society","https://www.youtube.com/channel/UCIvaYmXn910QMdemBG3v1pQ","https://yt3.ggpht.com/TS6ObzI_MXbssyfyx0flQVm28pImVL4sJd1juAqQEiTpU9TOOV9smTFkqEUHzSy5EyEIUCwXmYI=s800-c-k-c0x00ffffff-no-rj"
"170","UC56dNUTok1pgvpY75CsJQ4Q","Gulshan Kalra","42300000","21957106727","","Unknown","Entertainment","Movies / Entertainment","https://www.youtube.com/channel/UC56dNUTok1pgvpY75CsJQ4Q","https://yt3.ggpht.com/EKHT2YWUV5drlOxE27eYh4dLVS48xvVYhgCqonsjfp2kyNsujdcL3yiW5t3BFXfapWrtuGBlNA=s800-c-k-c0x00ffffff-no-rj"
"171","UC5OVPGQqCUm0CCyVzELGITQ","Jasmin and James","42200000","77463595036","AU","Australia","Entertainment / Lifestyle","Performing arts / Entertainment / Lifestyle","https://www.youtube.com/channel/UC5OVPGQqCUm0CCyVzELGITQ","https://yt3.ggpht.com/p6m2y5Nu_9JqbspZwCordjbf_hrrLEcWtcNNFbWNfdKCM2R2PcTKYuV1lFiHr-kEDk88x8uZ=s800-c-k-c0x00ffffff-no-rj"
"172","UC6VAIqNQBc7ggiqvsOHOBqw","NichLmao","42200000","21012013532","US","United States","Entertainment","Movies / Entertainment","https://www.youtube.com/channel/UC6VAIqNQBc7ggiqvsOHOBqw","https://yt3.ggpht.com/OpGVtVsqeoEVXiEA7D1VlGP0Tmug1Hfs8IWLc1yz10npTXCr7FjWwSQgGj9uZhUvKtT0A_KQKQ=s800-c-k-c0x00ffffff-no-rj"
"173","UCSf0s2ogUVYpJPuzW1zpAOg","LankyBox","42000000","35987196577","US","United States","Gaming","Action-adventure game / Gaming / Role-playing video game","https://www.youtube.com/channel/UCSf0s2ogUVYpJPuzW1zpAOg","https://yt3.ggpht.com/s34n05C549gbmPlspcwdTBzjC-xE-0ii4MG0ppJf-0DzOuEpKgDh0byajvX6kKAC1ns_RQWu3w=s800-c-k-c0x00ffffff-no-rj"
"174","UCjvgGbPPn-FgYeguc5nxG4A","Sourav Joshi Vlogs","41900000","23733178641","IN","India","Lifestyle","Lifestyle","https://www.youtube.com/channel/UCjvgGbPPn-FgYeguc5nxG4A","https://yt3.ggpht.com/Eb6xZ8irjVgF187eBWAZTsUh7Q6qQSSz5kw_5yJxgUL12sVZORG9ilYGIpca9SyYmGotCHlt1Q=s800-c-k-c0x00ffffff-no-rj"
"175","UCe3yZzUwpmy2eKKmF9svX0Q","Jason Derulo","41800000","28825959143","","Unknown","Music / Entertainment / Lifestyle","Lifestyle / Entertainment / Music / Pop music","https://www.youtube.com/channel/UCe3yZzUwpmy2eKKmF9svX0Q","https://yt3.ggpht.com/IghFAuWuRuClXClC4624ESpJEftVbSVga1tRPAw07xH2gXwXCazs922F0b57qSJg24iE5NuEag=s800-c-k-c0x00ffffff-no-rj"
"176","UCKL5hAuzgFQsyrsQKgU0Qng","GMA Network","41700000","37885841317","PH","Philippines","Entertainment","TV shows / Entertainment / Movies","https://www.youtube.com/channel/UCKL5hAuzgFQsyrsQKgU0Qng","https://yt3.ggpht.com/_ZJZCMxEI1PZW3WHr4-lvvq2cua4oKcLAtXET1ecklKeTMRoqBDHTp3hHshe3rozByRxwOb5SA=s800-c-k-c0x00ffffff-no-rj"
"177","UCKAqou7V9FAWXpZd9xtOg3Q","Little Baby Bum - Nursery Rhymes & Kids Songs","41600000","44597732966","US","United States","Music / Entertainment","Music / Movies / Entertainment","https://www.youtube.com/channel/UCKAqou7V9FAWXpZd9xtOg3Q","https://yt3.ggpht.com/m_TEySnkSgW4JSO1zH-Ln0Hu0v9mGUTMQXJawt3dpHVLB6VjC7jme0bJkziIvKbx2YW1IhfPxho=s800-c-k-c0x00ffffff-no-rj"
"178","UC9TO_oo4c_LrOiKNaY6aysA","Daddy Yankee","41600000","29088940961","US","United States","Music / Lifestyle","Hip hop music / Music / Music of Latin America / Pop music / Lifestyle","https://www.youtube.com/channel/UC9TO_oo4c_LrOiKNaY6aysA","https://yt3.ggpht.com/jV_3iNb4YlKOkEQGSuB-jPEyAWeA-ur46V_ffZyMjUeh4bSe23p0N0HeaUvxraCMbPjGQVI79A=s800-c-k-c0x00ffffff-no-rj"
"179","UCZiYbVptd3PVPf4f6eR6UaQ","CazéTV","41600000","13282652672","BR","Brazil","Sports","Football / Sports","https://www.youtube.com/channel/UCZiYbVptd3PVPf4f6eR6UaQ","https://yt3.ggpht.com/Zm3t3pgNIYY1HgkWYaWmU3E--oljMiWqX_2Ig4zkxziTkP3VOR9TGUmgJAPu7XrhP06ebxDg=s800-c-k-c0x00ffffff-no-rj"
"180","UCPP3etACgdUWvizcES1dJ8Q","News18 India","41500000","59725954497","IN","India","Society","Society / Politics","https://www.youtube.com/channel/UCPP3etACgdUWvizcES1dJ8Q","https://yt3.ggpht.com/-9rj5xq11503L40XuWcrzpG5yogC9Jc8novQEqGgY1bzmnN9sGrvFQbnpz6JmwS6N7FqqdV-=s800-c-k-c0x00ffffff-no-rj"
"181","UCZuPJZ2kGFdlbQu1qotZaHw","KAROL G","41500000","34824279660","CO","Colombia","Music","Music of Latin America / Music / Pop music / Hip hop music / Electronic music","https://www.youtube.com/channel/UCZuPJZ2kGFdlbQu1qotZaHw","https://yt3.ggpht.com/LzXnsCnbbJGyaqDUwDWbgCNus4XJ02kG8Tw2CNeoD0P5i8Enji4CDFpF2TCJpxwIGs_HvOZD=s800-c-k-c0x00ffffff-no-rj"
"182","UCEKWXRsfUHkan-D_ljU8Asw","Rajshri","41500000","20940499611","IN","India","Entertainment","Movies / Entertainment","https://www.youtube.com/channel/UCEKWXRsfUHkan-D_ljU8Asw","https://yt3.ggpht.com/UBBW7F1bqPsJtZk2hKj-g7Nr-t0Lt2P6OjBBLgVu_oKumf-N_ZtcVccNJCPh6op9hvVwLvP_=s800-c-k-c0x00ffffff-no-rj"
"183","UCN8S4CqMRy6tVKVXvs7Bzeg","WowKidz","41400000","24384492174","IN","India","Entertainment","TV shows / Movies / Entertainment","https://www.youtube.com/channel/UCN8S4CqMRy6tVKVXvs7Bzeg","https://yt3.ggpht.com/3uOW-LJchrMU9b4UBAvyxUB_jGj8McvtxhET8pqOhCYWQWNubxeYPYzmYWi91lOaiwp3zHM=s800-c-k-c0x00ffffff-no-rj"
"184","UC5OrDvL9DscpcAstz7JnQGA","Michael Jackson","41400000","23752841698","","Unknown","Music / Lifestyle","Soul music / Music / Pop music / Lifestyle","https://www.youtube.com/channel/UC5OrDvL9DscpcAstz7JnQGA","https://yt3.ggpht.com/nvt02XjPB-lklNBuV8rI9BQOgD1l7geYdJBzTkgoFJTgdK_Fzv_eaoQ9jV4Vb9DWFks0QFzeog=s800-c-k-c0x00ffffff-no-rj"
"185","UCcvNYxWXR_5TjVK7cSCdW-g","T-Series Apna Punjab","41300000","30316861061","IN","India","Music","Music of Asia / Music / Pop music","https://www.youtube.com/channel/UCcvNYxWXR_5TjVK7cSCdW-g","https://yt3.ggpht.com/_91KycI5b_sm8kezAeR1OpD0LfsZAiFReQ9CtFi6QLPHpkEmDdmzh7H1gBMpYvXQlfBAcbWs1g=s800-c-k-c0x00ffffff-no-rj"
"186","UCw5laSluKZol8QuE1fOToTQ","Kritika Channel","41200000","57500354665","","Unknown","Music / Entertainment / Lifestyle","Music / Entertainment / Lifestyle / Music of Asia","https://www.youtube.com/channel/UCw5laSluKZol8QuE1fOToTQ","https://yt3.ggpht.com/g0zRJD_BhKqruv4gFPQl9N8qPWtUNAIs2Ld-1Oos4nBwDG5RXlaAEuraQ8HipiR1mBNXzriINQ=s800-c-k-c0x00ffffff-no-rj"
"187","UCqNmJfc7RgMU6hTxOOuCYHQ","Diana and Roma ESP","41100000","18772843682","US","United States","Entertainment / Lifestyle","Lifestyle / Entertainment / Hobby","https://www.youtube.com/channel/UCqNmJfc7RgMU6hTxOOuCYHQ","https://yt3.ggpht.com/Z-Yy--tmuA_MsMvJrZRH0YTUI-Cch3leNjJuTMwDvl6JBIEMo9o_jvNYNEpzHAfZz-cw3Cx8aws=s800-c-k-c0x00ffffff-no-rj"
"188","UCVRqK0tS3B8pVog1HwCR4pg","tuzelity SHUFFLE","41000000","21756324974","KZ","Kazakhstan","Music / Entertainment / Lifestyle","Performing arts / Entertainment / Music of Asia / Lifestyle","https://www.youtube.com/channel/UCVRqK0tS3B8pVog1HwCR4pg","https://yt3.ggpht.com/flyWW1NmSuraBjU4Z6bKg1Vjvvv2ZrmxZ-Mu9uJePictT4MrGx_2CayedCojjV3MHWTrFRBC8g=s800-c-k-c0x00ffffff-no-rj"
"189","UCXazgXDIYyWH-yXLAkcrFxw","elrubiusOMG","41000000","8326168690","","Unknown","Gaming / Lifestyle","Action-adventure game / Gaming / Action game / Role-playing video game / Lifestyle","https://www.youtube.com/channel/UCXazgXDIYyWH-yXLAkcrFxw","https://yt3.ggpht.com/ytc/AIdro_ltPeeQY8CUT-owxQBm6QmY9U0XAdT29J9Y97EcwGlW50wT=s800-c-k-c0x00ffffff-no-rj"
"190","UCm-Qr3k89gtXcuv2jL29XFw","Marta and Rustam","40900000","43222111827","US","United States","Entertainment / Lifestyle","Humor / Entertainment / Movies / Food","https://www.youtube.com/channel/UCm-Qr3k89gtXcuv2jL29XFw","https://yt3.ggpht.com/VJ4T4D0wN4RjVazfWHJTiiNePsaYQM2Gour0KUGemMJDcqGZwrZzWtNA-Dl9PPZ6Bkgqzi3CbzE=s800-c-k-c0x00ffffff-no-rj"
"191","UCPW0F3QPcwARHVFULyMMr0A","Sujal Thakral","40900000","11044735340","","Unknown","Entertainment","Humor / Entertainment / Movies","https://www.youtube.com/channel/UCPW0F3QPcwARHVFULyMMr0A","https://yt3.ggpht.com/nkf8b5tLzfXMeW5H2ijB2yLhKW9do7U-1XgcqNolQj78R8Dt86tqC3mqBekMi5F0eUp7sUfh=s800-c-k-c0x00ffffff-no-rj"
"192","UCDwhsmzFDLc5hOB6SUglAjg","Neetu Bisht","40800000","46980402850","IN","India","Entertainment / Lifestyle","Movies / Entertainment / Lifestyle","https://www.youtube.com/channel/UCDwhsmzFDLc5hOB6SUglAjg","https://yt3.ggpht.com/5SJ4y5JKt9qx183AgODFmA46RTZKL_aaEvb9_NiGfjKw0_G5Su0QLzAn5dbJonIhHvxlKYjhAA=s800-c-k-c0x00ffffff-no-rj"
"193","UCFMFB7_Ik8jBnCwSuh295wA","Tilak","40500000","17326931976","IN","India","Music / Entertainment / Society","Movies / Music of Asia / Religion / Entertainment / TV shows / Society / Music","https://www.youtube.com/channel/UCFMFB7_Ik8jBnCwSuh295wA","https://yt3.ggpht.com/RKd9polXhhBKPe1UsmrxfGI83aOUX_LrLDZGGL5NMew8TnExAfYvQdJM60xZQEBfjQVpb16MM2o=s800-c-k-c0x00ffffff-no-rj"
"194","UChGJGhZ9SOOHvBB0Y4DOO_w","Ryan's World","40400000","63896224479","US","United States","Entertainment / Lifestyle","Entertainment / Lifestyle / Hobby","https://www.youtube.com/channel/UChGJGhZ9SOOHvBB0Y4DOO_w","https://yt3.ggpht.com/ytc/AIdro_mIPCAPZ4k1NbKEYcWQ-TbtucaftdvpIaBZRjzOodYoWGA=s800-c-k-c0x00ffffff-no-rj"
"195","UCuz_0MPcY5O0vsIfFPKFpGg","Lucan Pevidor","40400000","17705373594","BR","Brazil","Entertainment / Lifestyle","Entertainment / Lifestyle","https://www.youtube.com/channel/UCuz_0MPcY5O0vsIfFPKFpGg","https://yt3.ggpht.com/dr0_2_JblFcTUiV7YyGrnYRbv6FippzoLj6ok1V47beNQkflxiDEpLf4ycIreksjxaxEf9AZ=s800-c-k-c0x00ffffff-no-rj"
"196","UCeYTfGpNCmVhlxjQxBDrGPA","Mr DegrEE","40300000","44123331600","US","United States","Entertainment / Lifestyle","Food / Entertainment / Lifestyle","https://www.youtube.com/channel/UCeYTfGpNCmVhlxjQxBDrGPA","https://yt3.ggpht.com/ytc/AIdro_k8LXkXtQX2Skbr0NZ2jzNO-_j-Bu2T80hWwDUs3eL2ZCg=s800-c-k-c0x00ffffff-no-rj"
"197","UCunqjMN6EEbXjzU-RvwJrig","Heroindori","40200000","16580362722","IN","India","Entertainment","Movies / Entertainment","https://www.youtube.com/channel/UCunqjMN6EEbXjzU-RvwJrig","https://yt3.ggpht.com/CN7iXLBhm2XOFVDPRjEghaU5mf_-DN9gNu4xYOr0eCPol87xPrYpnwLZbwtDcasuVzLFgK0JMg=s800-c-k-c0x00ffffff-no-rj"
"198","UC0WP5P-ufpRfjbNrmOWwLBQ","The Weeknd","40100000","37832052435","CA","Canada","Music","Rhythm and blues / Electronic music / Pop music / Music / Soul music","https://www.youtube.com/channel/UC0WP5P-ufpRfjbNrmOWwLBQ","https://yt3.ggpht.com/WHvw1ak1FcJaHeEiTmG2iN0dqEjjPxAtT_tA8ruJ3MlNr9I-RHsAur1iAenYeQN_d6LNPH2Z8Ic=s800-c-k-c0x00ffffff-no-rj"
"199","UCb2HGwORFBo94DmRx4oLzow","One Direction","39900000","16844018744","","Unknown","Music","Pop music / Music","https://www.youtube.com/channel/UCb2HGwORFBo94DmRx4oLzow","https://yt3.ggpht.com/ytc/AIdro_lBZumWLg8HqCIAD4oHGTIIdD8DTz5eV_DgCXFu6KxNjj28=s800-c-k-c0x00ffffff-no-rj"
"200","UCBOmfqgTZi7yDp4-3Lr_3lA","Shemaroo Movies","39900000","11737162033","IN","India","Entertainment","Movies / Entertainment","https://www.youtube.com/channel/UCBOmfqgTZi7yDp4-3Lr_3lA","https://yt3.ggpht.com/KVlNC_KbObRUn4n4h0q84p7ss4JY94H2jWXPj7kKBIuE-bpYus6JNDh6YtIWAK9F9tlu_Sh5lw=s800-c-k-c0x00ffffff-no-rj"
"201","UC4DLvb5xZ9OLcVM1KC_R97g","unknown boy varun","39700000","18398482287","IN","India","Entertainment","Entertainment / Movies","https://www.youtube.com/channel/UC4DLvb5xZ9OLcVM1KC_R97g","https://yt3.ggpht.com/M4HA0Qr6JW7TcEgyiIMz2trH2coOs-JhVRKx6gtlkBj2wsLhpkvJBqMkAx7qm97iYr1hkli3=s800-c-k-c0x00ffffff-no-rj"
"202","UCgwv23FVv3lqh567yagXfNg","DisneyMusicVEVO","39600000","45961096128","US","United States","Music","Music / Pop music","https://www.youtube.com/channel/UCgwv23FVv3lqh567yagXfNg","https://yt3.ggpht.com/ytc/AIdro_lvNHhhb5UzdKLCer4xytxAB8bki4wJ5Kxr7oRanaGZsbU=s800-c-k-c0x00ffffff-no-rj"
"203","UC2fvyma9iKsjN9EZW_FWW1A","Filmy Surraj","39600000","26505876343","IN","India","Entertainment / Lifestyle","Movies / Entertainment / Lifestyle","https://www.youtube.com/channel/UC2fvyma9iKsjN9EZW_FWW1A","https://yt3.ggpht.com/FCSARmSWwXaxWy8GB2XzCBlZtI5K1GQC3_CWqX85rHmtZbuZ0FRioRkZAKhpwUj817M6B2Tr6Q=s800-c-k-c0x00ffffff-no-rj"
"204","UCBAb_DK4GYZqZR9MFA7y2Xg","Galinha Pintadinha","39500000","44248753269","BR","Brazil","Music / Entertainment","Movies / Music / Entertainment","https://www.youtube.com/channel/UCBAb_DK4GYZqZR9MFA7y2Xg","https://yt3.ggpht.com/8x1w-A0ritsPGhO7WfMAyA4OIDAGUpmD3fMS_XVQyYtTnWXwHnAQQTafE0S76Bl65HBo6SNj=s800-c-k-c0x00ffffff-no-rj"
"205","UCHUu2HAnogpaK2UmTSJT8jg","mujjuu___14","39500000","26054560619","","Unknown","Entertainment / Lifestyle","Entertainment / Lifestyle","https://www.youtube.com/channel/UCHUu2HAnogpaK2UmTSJT8jg","https://yt3.ggpht.com/MyELsPesCX27HczttY8PhLDH9rjFUC11GaSnYMIr2lsY8_3WRa76cAmzo1RiR19r-40bnyEJ=s800-c-k-c0x00ffffff-no-rj"
"206","UC2Rh-eKkibnZq8pRxYYoSSQ","Susy Mouriz","39500000","19205936304","MX","Mexico","Entertainment / Lifestyle","Entertainment / Humor / Lifestyle","https://www.youtube.com/channel/UC2Rh-eKkibnZq8pRxYYoSSQ","https://yt3.ggpht.com/hh3kEaShLDE7GTM99U3l-SsmPcG-l5TiicCCTp7_5XwGz5rVbso0v4w9BZlpGTqOlLz9fgYSAKI=s800-c-k-c0x00ffffff-no-rj"
"207","UCPCaXSwaos-QI03iZtx8I6g","Willie Salim","39400000","10097941632","ID","Indonesia","Lifestyle","Vehicles / Lifestyle","https://www.youtube.com/channel/UCPCaXSwaos-QI03iZtx8I6g","https://yt3.ggpht.com/jqXw9aBzD6ndwOtpPcJR9u33jpNVHrDSo4tJX236mTUReEe22NI5tGpDcvrqIHvVVm6Dg7gyTA=s800-c-k-c0x00ffffff-no-rj"
"208","UCgG9IWOPcCIfQoI00xQBUbg","Vlad and Niki IDN","39300000","22270742179","US","United States","Entertainment / Lifestyle","Hobby / Entertainment / Lifestyle / TV shows","https://www.youtube.com/channel/UCgG9IWOPcCIfQoI00xQBUbg","https://yt3.ggpht.com/ytc/AIdro_mRG0SCHEQjPxPjVlJligtxzCcGdpjj7-GOKsX70-Irvb8=s800-c-k-c0x00ffffff-no-rj"
"209","UCbomPUMyPHCgrqD5iYnzj1A","Worldwide Records Bhojpuri","39200000","23404115711","IN","India","Music","Music of Asia / Music","https://www.youtube.com/channel/UCbomPUMyPHCgrqD5iYnzj1A","https://yt3.ggpht.com/VoJO1SMl6U8AlRtkMD0Xfl8luJmeYt8F2KHyQiknpS8OJtzZsYPU6VkGfqQIpBoHRM5qcxxE=s800-c-k-c0x00ffffff-no-rj"
"210","UCUMxxg0KvWiSWHUXRPpnKzw","व्लाद और निकिता","39200000","23400551325","US","United States","Entertainment / Lifestyle","Hobby / Lifestyle / Entertainment","https://www.youtube.com/channel/UCUMxxg0KvWiSWHUXRPpnKzw","https://yt3.ggpht.com/cafcuyD9z-vCW08O_0uKrY-Wqui_HmsTmP7e_6kXo3Myw9IOrX71hBoY_tvJqkcUTaZZ-J67=s800-c-k-c0x00ffffff-no-rj"
"211","UC4zWG9LccdWGUlF77LZ8toA","Prime Video India","39100000","18248248285","US","United States","Entertainment","TV shows / Movies / Entertainment","https://www.youtube.com/channel/UC4zWG9LccdWGUlF77LZ8toA","https://yt3.ggpht.com/3Lvf-BoKFXB9hx52BfVRLQK-u7yV9NsmHUrdx85X2CBN70WPGL23Y8RueSlLiayV-YRHHWul1A=s800-c-k-c0x00ffffff-no-rj"
"212","UCCtALHup92q5xIFb7n9UXVg","GAZOO Racing","39000000","607821409","","Unknown","Sports / Lifestyle","Vehicles / Lifestyle / Motorsport / Sports","https://www.youtube.com/channel/UCCtALHup92q5xIFb7n9UXVg","https://yt3.ggpht.com/ZASr6Ks74DZ10_eYcgJyjyzQyzgt-PPcHBL87wi1lpMYLG-msxpdvOq-VxRo4mLA_RBniIGC-vU=s800-c-k-c0x00ffffff-no-rj"
"213","UCjp_3PEaOau_nT_3vnqKIvg","Junya.じゅんや","38900000","24951483311","JP","Japan","Entertainment / Lifestyle","Lifestyle / Humor / Entertainment / Movies","https://www.youtube.com/channel/UCjp_3PEaOau_nT_3vnqKIvg","https://yt3.ggpht.com/ytc/AIdro_mFt9iiVlgxD1gBW74I1o6H8xFtOg5AwqPj2_1JKHJ4UJg=s800-c-k-c0x00ffffff-no-rj"
"214","UC7_YxT-KID8kRbqZo7MyscQ","Markiplier","38900000","23918158817","US","United States","Gaming","Action-adventure game / Gaming / Role-playing video game / Action game","https://www.youtube.com/channel/UC7_YxT-KID8kRbqZo7MyscQ","https://yt3.ggpht.com/ytc/AIdro_nfDvwu14-iN5YZcaLIomwno1_3oFcYTmG5_kn7SMj_nec=s800-c-k-c0x00ffffff-no-rj"
"215","UCX_uPA_dGf7wXjuMEaSKLJA","Aditya Movies","38800000","17720974622","IN","India","Entertainment","Movies / Entertainment","https://www.youtube.com/channel/UCX_uPA_dGf7wXjuMEaSKLJA","https://yt3.ggpht.com/ytc/AIdro_l1wl3kwI9K6pupJ8nrIqat_DeT2yF9JPpMpkx2Lg14TgI=s800-c-k-c0x00ffffff-no-rj"
"216","UCubB4RJhGFvqfP5z5t7Q0cQ","Caín Guzmán","38700000","27311538966","MX","Mexico","Lifestyle","Lifestyle","https://www.youtube.com/channel/UCubB4RJhGFvqfP5z5t7Q0cQ","https://yt3.ggpht.com/uY6I_uKhGP4Xvf2YoF9Wu4MLSAcVocY-rzOL69pMTQ5BUc8Sizk0zh6bdOQDHR9owVYTJ8gEXJc=s800-c-k-c0x00ffffff-no-rj"
"217","UCWaOde99oeUVoXbIj3SNu9g","Sagawa /さがわ","38600000","32473980365","JP","Japan","Entertainment / Lifestyle","Humor / Entertainment / Lifestyle / Movies","https://www.youtube.com/channel/UCWaOde99oeUVoXbIj3SNu9g","https://yt3.ggpht.com/QlwomwC80pW7jmuvyPzj6qVY1Z8cLKDgph0GKAvjbOSGCmRf6NqJBNuVMbWAFeGfsNssMAn3f0E=s800-c-k-c0x00ffffff-no-rj"
"218","UC5tuYcCdiKuF5Y2ZonuarwA","Jkk Entertainment","38600000","17989196032","IN","India","Entertainment","Entertainment / Movies","https://www.youtube.com/channel/UC5tuYcCdiKuF5Y2ZonuarwA","https://yt3.ggpht.com/LG431Y09ql5xiiwMWbHNrDwZIncba9_uJ6ttmzgwf65JIOrl_ll1qSZF9_3aA6YnImwDAqC8F-4=s800-c-k-c0x00ffffff-no-rj"
"219","UClFN9LShD_Pv0wnSeUKbUZw","That Little Puff","38500000","37249224572","US","United States","Entertainment / Lifestyle","Hobby / Food / Pets / Lifestyle / Entertainment","https://www.youtube.com/channel/UClFN9LShD_Pv0wnSeUKbUZw","https://yt3.ggpht.com/TiNzXP-vFhFxK1Fw6WBz_Hfn7gwGYK0RMy4Sv9bBtMHvFM3tBPpJNTJpCCuR8tUTbbTqLRoLVw=s800-c-k-c0x00ffffff-no-rj"
"220","UCyGlHNYIsiXV47jUbvYA5DQ","Cool Items Official","38400000","54202007116","US","United States","Lifestyle","Lifestyle","https://www.youtube.com/channel/UCyGlHNYIsiXV47jUbvYA5DQ","https://yt3.ggpht.com/fRYprPgooSgPvJiDmUDOmA2OAgqnFsv0BiJPo-nkozV1uhnOdzYmaN0h8B7R8KFuc4Kvy6wmpc8=s800-c-k-c0x00ffffff-no-rj"
"221","UCsPF3cApzCohxPp5oKdoWSQ","CVS 3D Rhymes & Kids Songs","38400000","25484504320","","Unknown","Music / Entertainment","Movies / Music / Music of Asia / Entertainment","https://www.youtube.com/channel/UCsPF3cApzCohxPp5oKdoWSQ","https://yt3.ggpht.com/ytc/AIdro_nl1cW_9u2VFAJ0pQ0Qkv71CXFWJq1V1QUtuzomShkMc4Q=s800-c-k-c0x00ffffff-no-rj"
"222","UCjIA3wwhi0QjSOXAZwOXbPA","Ozuna","38300000","29552939115","PR","Puerto Rico","Music","Electronic music / Hip hop music / Music of Latin America / Music / Pop music","https://www.youtube.com/channel/UCjIA3wwhi0QjSOXAZwOXbPA","https://yt3.ggpht.com/5t-WiP2WVdiKFBKknutXSDuz6tBQFW8qKxyHWTMrUxZaUB_OVDCnhv4z4o4k-Czmn6qGG8h_=s800-c-k-c0x00ffffff-no-rj"
"223","UC8hiDnhwE7ieY1atgDE_yUg","GONZOK","38200000","9541727872","MX","Mexico","Lifestyle","Lifestyle","https://www.youtube.com/channel/UC8hiDnhwE7ieY1atgDE_yUg","https://yt3.ggpht.com/C0lL8bOPpFMbHKmnBdnhRiounnINUrAdF4m4lY9CHFU3EzcaNqXU9MTrQaWvM-unObn14Eiz=s800-c-k-c0x00ffffff-no-rj"
"224","UCmzDf_a7CCFuxos7hspcWRQ","Ian Lucas","38200000","5299376448","AR","Argentina","Lifestyle","Lifestyle","https://www.youtube.com/channel/UCmzDf_a7CCFuxos7hspcWRQ","https://yt3.ggpht.com/ytc/AIdro_k8J6G7YNjz-jjmUjGohtx8PiRUL19BhcFjEwgHs_-W55k=s800-c-k-c0x00ffffff-no-rj"
"225","UCBVjMGOIkavEAhyqpxJ73Dw","Maroon 5","38100000","28596189696","US","United States","Music","Rock music / Pop music / Music","https://www.youtube.com/channel/UCBVjMGOIkavEAhyqpxJ73Dw","https://yt3.ggpht.com/1ZQtP-SxKWQe2L3Hwwo4vaBUfgAhlu5mG_ItQe9k59UwpxP2G1U6Ec3ivxCH_MBlE35Nr8ZhaQ=s800-c-k-c0x00ffffff-no-rj"
"226","UCKaCalz5N5ienIbfPzEbYuA","Jordan Matter","38100000","15791610872","US","United States","Entertainment / Lifestyle","Lifestyle / Entertainment","https://www.youtube.com/channel/UCKaCalz5N5ienIbfPzEbYuA","https://yt3.ggpht.com/ytc/AIdro_lDjDRPwwtga_q3VbrMyDHbpETZ28gejqUoD1Codxft3TA=s800-c-k-c0x00ffffff-no-rj"
"227","UCOF23vGxkbhN4wl7ROrgXsA","Goldmines Bollywood","38100000","11265454006","IN","India","Entertainment","Entertainment / Movies","https://www.youtube.com/channel/UCOF23vGxkbhN4wl7ROrgXsA","https://yt3.ggpht.com/BMAiZnOGPMbMXWFW-lYwgp1-qJD6iPbBtB6YS3Kyr9lPM1jlegCl83vHjyasFEjPJrBYAsaeLQ=s800-c-k-c0x00ffffff-no-rj"
"228","UCnSFZ-olBoLGLRUS_3RI2Aw","Taarak Mehta Ka Ooltah Chashmah","37800000","53939288938","IN","India","Entertainment","TV shows / Movies / Entertainment / Humor","https://www.youtube.com/channel/UCnSFZ-olBoLGLRUS_3RI2Aw","https://yt3.ggpht.com/kiqCr4WL3xOhb8HU0lOp0djIa-qMfVYuym-Yli3ilwvk920wGsOu81DoVtP_jxpV0nvquo_u8rY=s800-c-k-c0x00ffffff-no-rj"
"229","UCp0hYYBW6IMayGgR-WeoCvQ","TheEllenShow","37800000","23900175459","US","United States","Entertainment","Entertainment / TV shows / Movies","https://www.youtube.com/channel/UCp0hYYBW6IMayGgR-WeoCvQ","https://yt3.ggpht.com/n6BksIXpbZfRmlxqgdhTGVLvQVDtajIo1a8mxFDADhwE4wMUOhjnZ9qsRVPoTa9dfHnW1Yn9=s800-c-k-c0x00ffffff-no-rj"
"230","UCHvoq_rGmOKJKGId1nD1V4Q","infobells - Telugu","37600000","25392933099","IN","India","Music / Entertainment","Music / Entertainment / Movies / Music of Asia","https://www.youtube.com/channel/UCHvoq_rGmOKJKGId1nD1V4Q","https://yt3.ggpht.com/ytc/AIdro_kUAl1fLmWiVNSYzhmNasdgy2rnS3RY3tHUI9LZwDHf0Bg=s800-c-k-c0x00ffffff-no-rj"
"231","UCtiddfzHXNevG-yYe5vc_4Q","Spider Slack","37600000","23222477424","BR","Brazil","Entertainment / Lifestyle","Humor / Lifestyle / Entertainment","https://www.youtube.com/channel/UCtiddfzHXNevG-yYe5vc_4Q","https://yt3.ggpht.com/XjPPZ__8A2-uL3F83X7DHCGS75uQYRGh3Hs06HDJ9SVUdD7jMuIU6n0tXadmiirnO1TiNRtueg=s800-c-k-c0x00ffffff-no-rj"
"232","UCi3onjs7UU2Z64i3RrVci-Q","D Billions","37400000","56166746486","US","United States","Music / Entertainment","Pop music / Music / Movies / Entertainment","https://www.youtube.com/channel/UCi3onjs7UU2Z64i3RrVci-Q","https://yt3.ggpht.com/ytc/AIdro_lWUWOvwHYqQqkJH0JUb-IkToxPykv50sQMFpfAtSBFc94=s800-c-k-c0x00ffffff-no-rj"
"233","UCN4NflpHqLeHQZ91kTUVCBw","Ishaan Ali 11","37400000","24379770289","IN","India","Entertainment / Society","Movies / Entertainment / Religion / Society","https://www.youtube.com/channel/UCN4NflpHqLeHQZ91kTUVCBw","https://yt3.ggpht.com/ytc/AIdro_nfIKee8dUZK9zkmFyI87ZeBBwluAmQbGlaZ7YuyoFflDY=s800-c-k-c0x00ffffff-no-rj"
"234","UCKLbzfmjFv_oalDX8sHxhkQ","Saito","37200000","34558851174","JP","Japan","Entertainment / Lifestyle","Lifestyle / Entertainment","https://www.youtube.com/channel/UCKLbzfmjFv_oalDX8sHxhkQ","https://yt3.ggpht.com/OZtaBEvhS4ANeRmDlBAOsEjM-vmG0NzjrBPap8h6zkKA308C9slAkBAuf2O9KItc0EqQzj0_=s800-c-k-c0x00ffffff-no-rj"
"235","UCbCJmNKAL85O1VFeD6Wj60g","Bayashi TV","37200000","28320737716","JP","Japan","Lifestyle","Food / Lifestyle","https://www.youtube.com/channel/UCbCJmNKAL85O1VFeD6Wj60g","https://yt3.ggpht.com/8Q9W-ylfIr7JrVqiidRZflBYFydssqVzDVmyLJ6o14AXv9rayEFD_dzbmDhhl3dOyqfjikHYIg=s800-c-k-c0x00ffffff-no-rj"
"236","UCwD4x63A9KC7Si2RuSfg-SA","Lucas and Marcus","37200000","17793876216","US","United States","Entertainment / Lifestyle","Entertainment / Lifestyle","https://www.youtube.com/channel/UCwD4x63A9KC7Si2RuSfg-SA","https://yt3.ggpht.com/b-KtsWSzhEcFGyxVl6t2wHT2ZSaa_V5xKteT4R0Cc2NS6R2NFLE8iq5C696GzWSHrLmNcqn7aPo=s800-c-k-c0x00ffffff-no-rj"
"237","UCUaT_39o1x6qWjz7K2pWcgw","Beast Reacts","37200000","6920266766","US","United States","Entertainment / Lifestyle","Entertainment / Humor / Lifestyle / Hobby","https://www.youtube.com/channel/UCUaT_39o1x6qWjz7K2pWcgw","https://yt3.ggpht.com/lgS8eyiztYG9HyA3eQ60pvj4tnY0pPB5xJPKFtskgJGFdmRxFRHCJvTG_WXPyJRTUxRnj5cL5g=s800-c-k-c0x00ffffff-no-rj"
"238","UC48h7Dst_hX82HxOf3xJw_w","Ch3Thailand","37000000","26482321776","TH","Thailand","Entertainment","TV shows / Entertainment / Movies","https://www.youtube.com/channel/UC48h7Dst_hX82HxOf3xJw_w","https://yt3.ggpht.com/IZDkh6GBsQXnk5TzgrY5LFEw9-G7769ChBOoU-7yK7w0SQfTThkzNUvkq6y8jLesYu7uYBC21w=s800-c-k-c0x00ffffff-no-rj"
"239","UC-cY4X2sLECUhishGNiyofQ","Bebefinn - Nursery Rhymes & Kids Songs","36900000","24459352818","US","United States","Music / Entertainment","Movies / Entertainment / Music","https://www.youtube.com/channel/UC-cY4X2sLECUhishGNiyofQ","https://yt3.ggpht.com/UtzuH4poMQv9ogsO75o8oMdbNmRbRsd2bJCCMqyxvhH-2uCZ8sMLnwFcHkZfBNjp8sByzDQVUQ=s800-c-k-c0x00ffffff-no-rj"
"240","UClZF7OsrECe3t_ADrjZEh_Q","Geet MP3","36900000","16213380060","IN","India","Music / Entertainment","Movies / Pop music / Music / Music of Asia","https://www.youtube.com/channel/UClZF7OsrECe3t_ADrjZEh_Q","https://yt3.ggpht.com/HA5DPE00lir7UdXAe6eTQQsRN4caaDxUEAZsuFUsR9x6S7CgiYhf3VJXBU89GXMRVI0fNwJ4Qw=s800-c-k-c0x00ffffff-no-rj"
"241","UCebC4x5l2-PQxg46Ucv9CsA","Crazy XYZ","36900000","11925000289","IN","India","Entertainment / Lifestyle","Movies / Lifestyle / Entertainment","https://www.youtube.com/channel/UCebC4x5l2-PQxg46Ucv9CsA","https://yt3.ggpht.com/ytc/AIdro_m_dwfeg3dT3tiDA8BJyWUyAk9EYZKjB5J_HGXBqSMcqmE=s800-c-k-c0x00ffffff-no-rj"
"242","UCu7Hg0f3rxqZ6qs-188ZbjQ","Goldmines Dishoom","36900000","9545404147","","Unknown","Entertainment","Entertainment / Movies","https://www.youtube.com/channel/UCu7Hg0f3rxqZ6qs-188ZbjQ","https://yt3.ggpht.com/n4gE67IPI9NgMaHf4UBvEZ8pRAQlowqVOLUuCduj52JhOOrY87bF8PNTdk2NiaRkfa7BkwVK5iQ=s800-c-k-c0x00ffffff-no-rj"
"243","UCNApqoVYJbYSrni4YsbXzyQ","Aditya Music","36800000","40347745616","IN","India","Music / Entertainment","Entertainment / Music of Asia / Music / Movies","https://www.youtube.com/channel/UCNApqoVYJbYSrni4YsbXzyQ","https://yt3.ggpht.com/ln9XRahq7NmtKgdDM0sA1g210AOyUOTmwVHwjjX3c3fDahjY85LvWUplPfl1WrFaSR-SvG7V8Q=s800-c-k-c0x00ffffff-no-rj"
"244","UCt4atlExw8aj3Bm79nv1fig","Round2hell","36500000","3776073444","IN","India","Entertainment","Movies / Entertainment","https://www.youtube.com/channel/UCt4atlExw8aj3Bm79nv1fig","https://yt3.ggpht.com/ytc/AIdro_kiR_xWlg7vo5dKLMFOxCgoYvV5xizv6zYbSrfrhiRbX2Q=s800-c-k-c0x00ffffff-no-rj"
"245","UCHcn4Ux-sO9nzNu7rDsoQLg","infobells - Tamil","36300000","25670708608","IN","India","Music / Entertainment","Music / Entertainment / Movies","https://www.youtube.com/channel/UCHcn4Ux-sO9nzNu7rDsoQLg","https://yt3.ggpht.com/ytc/AIdro_nsOwFT2Qv_FL_fm08hgwOwly_Zo2XnxReY9Juj_phE6g=s800-c-k-c0x00ffffff-no-rj"
"246","UC57LcmyyZGQ2azPREsxwWSw","J House jr.","36100000","61916053301","US","United States","Entertainment / Lifestyle","Lifestyle / Entertainment","https://www.youtube.com/channel/UC57LcmyyZGQ2azPREsxwWSw","https://yt3.ggpht.com/8jCRekz0oyop_nKwFb0kd_p-NLiN9y51NzTnH72CZJo2pLUthaJMy22dWWN6fIptYfOUBrqf5A=s800-c-k-c0x00ffffff-no-rj"
"247","UCXmseTCR4w5q36pupOJKegw","Chapitosiki","36100000","54912088986","US","United States","Entertainment / Lifestyle","Lifestyle / Entertainment / Pets","https://www.youtube.com/channel/UCXmseTCR4w5q36pupOJKegw","https://yt3.ggpht.com/Zar9GVo3nnQpwRpXsX6gPPRhiWi92_Ml_6-xC_JluR1OW7xRF3Grh43yTbtp0muZyoQv7jNF7w=s800-c-k-c0x00ffffff-no-rj"
"248","UC_82tbyeBHSaDbL725LMlvw","Danny Fitt","36100000","18178293189","US","United States","Lifestyle","Lifestyle","https://www.youtube.com/channel/UC_82tbyeBHSaDbL725LMlvw","https://yt3.ggpht.com/2hAxSBwsJtbatz0m0DAM3YbvnCagcplXIOZa5LUFaChAv-c0qdl9Vo6BfIwvgP4bZLbzhjZj=s800-c-k-c0x00ffffff-no-rj"
"249","UCkAGrHCLFmlK3H2kd6isipg","Mr Bean","36100000","12723644029","","Unknown","Entertainment","Humor / TV shows / Entertainment / Movies","https://www.youtube.com/channel/UCkAGrHCLFmlK3H2kd6isipg","https://yt3.ggpht.com/Y1-4v3UfmBSliI0nY8Dx-bZ6vk4IdmeOdRXmx5fDiK927a02krjw2OJNNQ_6tI_5syfs0vGAYg=s800-c-k-c0x00ffffff-no-rj"
"250","UCymK_3BWUcoYVVf5D_GmACQ","Tsuriki Show","36000000","49755683906","DE","Germany","Entertainment / Lifestyle","Pets / Lifestyle / Entertainment","https://www.youtube.com/channel/UCymK_3BWUcoYVVf5D_GmACQ","https://yt3.ggpht.com/YMey4RDA4Ryal9qDO5y0IvOD_KA-ETmAzACAySvQ7OV1Nqm_hpVfDRMLtjFs2bzIgqmos28fLg=s800-c-k-c0x00ffffff-no-rj"
"251","UCja7QUMRG9AD8X2F_vXFb9A","The Royalty Family","35900000","13527968340","US","United States","Lifestyle","Lifestyle","https://www.youtube.com/channel/UCja7QUMRG9AD8X2F_vXFb9A","https://yt3.ggpht.com/2Zfi0iwOh5bEjVUlNlOPd5fAHGsgRtwBZwA75MIz11GBiQripRbXp3fQAmc_QPoXUOpFKvmAOg=s800-c-k-c0x00ffffff-no-rj"
"252","UCNvYCW3cMbkWy2g2v4Wb6xw","shfa show India","35800000","26886778040","AE","United Arab Emirates","Lifestyle","Lifestyle","https://www.youtube.com/channel/UCNvYCW3cMbkWy2g2v4Wb6xw","https://yt3.ggpht.com/ytc/AIdro_kKAtI0pgvWnaU3CkHH1yz6IKmPOgTBvJg9BsqO0ZCeYg=s800-c-k-c0x00ffffff-no-rj"
"253","UCPNxhDvTcytIdvwXWAm43cA","Selena Gomez","35800000","16618652197","","Unknown","Music / Lifestyle","Music / Pop music / Lifestyle","https://www.youtube.com/channel/UCPNxhDvTcytIdvwXWAm43cA","https://yt3.ggpht.com/SdHhEkdZ78QM2SNYjgSRnJX_F-ulIdb-B001bxuTfzLX7rbfuEeO_GXaynLc2zp-LZQizNEB=s800-c-k-c0x00ffffff-no-rj"
"254","UCm1hOHNgH6x8MF22676CmZA","Pokémon Asia Official (Hindi)","35800000","3688343825","IN","India","Gaming / Entertainment","Movies / Gaming / Entertainment / TV shows","https://www.youtube.com/channel/UCm1hOHNgH6x8MF22676CmZA","https://yt3.ggpht.com/MHgpPBFlw6cEfix0nRxK027xlKWsmGsFStldKF6TUfGjzifOnC-3so3HTbtD34Z3vF1xzwk9=s800-c-k-c0x00ffffff-no-rj"
"255","UCQ8TuCvcDMepleXFyOQfyOQ","YOLO","35800000","3458386235","MX","Mexico","Entertainment / Lifestyle","Movies / Entertainment / Lifestyle","https://www.youtube.com/channel/UCQ8TuCvcDMepleXFyOQfyOQ","https://yt3.ggpht.com/DjkZOJ8ohnkg2yK8Jic2MVVFIzXzHRsje-qKtNxSjAo62uWhDePeJn81ayN8V0mD8LjFDp2tig=s800-c-k-c0x00ffffff-no-rj"
"256","UCUe6ZpY6TJ0no8jI4l2iLxw","Nick Jr.","35700000","30452045979","US","United States","Entertainment","TV shows / Entertainment / Movies","https://www.youtube.com/channel/UCUe6ZpY6TJ0no8jI4l2iLxw","https://yt3.ggpht.com/5Oe6GeP0RS7YYXlcSqCoBCyzYYtoxSgmN0K_FXQTBOY9tutzr5G1mXjfSmi76YAE3Q8WZXNByQ=s800-c-k-c0x00ffffff-no-rj"
"257","UCpcTrCXblq78GZrTUTLWeBw","FIFA","35700000","14864841336","CH","Switzerland","Gaming / Sports","Sports game / Football / Sports","https://www.youtube.com/channel/UCpcTrCXblq78GZrTUTLWeBw","https://yt3.ggpht.com/9UB1blxIJIz-OQmtHTsGEvYnMSYU3i77CRrYyD4EIA34kxseG0z5BYebP_P7KkWniL1W-7ZN=s800-c-k-c0x00ffffff-no-rj"
"258","UCYqOeAXJm8yV9sJ8Ud3cR7A","Indosiar","35700000","8517251776","ID","Indonesia","Music / Sports / Entertainment","Sports / Movies / TV shows / Entertainment / Music of Asia / Football","https://www.youtube.com/channel/UCYqOeAXJm8yV9sJ8Ud3cR7A","https://yt3.ggpht.com/oy6ZNiQPiH3Lnse3U8lnZCv_010upX2wKixOHCLrjjc-3oJSO4wDC7hvjNFUuP5ZVuFhleW2og=s800-c-k-c0x00ffffff-no-rj"
"259","UCX52tYZiEh_mHoFja3Veciw","Eros Universe","35700000","5539072160","US","United States","Entertainment","Entertainment / Movies","https://www.youtube.com/channel/UCX52tYZiEh_mHoFja3Veciw","https://yt3.ggpht.com/M7q6vBQOuX_g_zxq_up2VA84eyvDg7P_sOX8IoWfl7zyOCJc2U0Ish7RZyZ874IBZqbM6snl0SI=s800-c-k-c0x00ffffff-no-rj"
"260","UCVtD5iA4rUuOK5cQrB_o4ow","Yoeslan","35600000","37857946179","US","United States","Entertainment","Humor / Entertainment / Movies","https://www.youtube.com/channel/UCVtD5iA4rUuOK5cQrB_o4ow","https://yt3.ggpht.com/7dssLuYsKMYzFbEQ8-o4djg5kVKX0GgOzVY6VWEldCfxH4tcQTSH5gvqkMJbEz6IKoDxcoZQjQ=s800-c-k-c0x00ffffff-no-rj"
"261","UCYfdidRxbB8Qhf0Nx7ioOYw","News","35600000","0","","Unknown","","","https://www.youtube.com/channel/UCYfdidRxbB8Qhf0Nx7ioOYw","https://yt3.ggpht.com/fyS2B9S6yv0J9L0tTFWvLzrG11Ay9NUMJ8vg4S183opqacLiFMDh8FldxFb20e1RqGI26ykBUg=s800-c-k-c0x00ffffff-no-rj"
"262","UCb8vrqP8Z7Oz9ZTYvUtjUHQ","Daniel LaBelle","35400000","24850558315","","Unknown","Entertainment / Lifestyle","Lifestyle / Entertainment / Humor","https://www.youtube.com/channel/UCb8vrqP8Z7Oz9ZTYvUtjUHQ","https://yt3.ggpht.com/mtLBECHLKLPzfFu7admDqPxSpc1dWIgkJG7jVmQwVuEdpDxQ3_u1ijNwySCVlgkkay-aiFcBrs4=s800-c-k-c0x00ffffff-no-rj"
"263","UCt-k6JwNWHMXDBGm9IYHdsg","J Balvin","35300000","28298452558","CO","Colombia","Music / Lifestyle","Lifestyle / Music of Latin America / Music / Hip hop music / Pop music","https://www.youtube.com/channel/UCt-k6JwNWHMXDBGm9IYHdsg","https://yt3.ggpht.com/UqJr0qGvZ5xpw2BMCjPEl8_oOp7Y3ttA6ZG2fJspi8jLx6e2GRLiqLjM5dtPB6Gxkc1JFTRXS3Y=s800-c-k-c0x00ffffff-no-rj"
"264","UCYQo8CdhXD22qfwUBUw591Q","El Payaso Plim Plim","35200000","59547673477","AR","Argentina","Music / Entertainment","Movies / Music / Entertainment","https://www.youtube.com/channel/UCYQo8CdhXD22qfwUBUw591Q","https://yt3.ggpht.com/rDYipuRaC1XARuSNTv22kbHCT75VpBIQuBp_AnuXGTHvzJ2oi4mXi8cWdsGdwJdgspj4PPHc=s800-c-k-c0x00ffffff-no-rj"
"265","UC6paX0kLA8D81aYogceMufw","Rafa & Luiz","35200000","14546269169","BR","Brazil","Entertainment / Lifestyle","Entertainment / Lifestyle","https://www.youtube.com/channel/UC6paX0kLA8D81aYogceMufw","https://yt3.ggpht.com/12130PrzIU1aaNyMbw8tLLQ_jx2IWwazTeVz_91qdyDSsJCtkKyZwA7Vc3qLdd4CXpxtGD23=s800-c-k-c0x00ffffff-no-rj"
"266","UCb9A6uotqUiuVCvVp4GMqOg","Justin Flom","35100000","40272235079","US","United States","Entertainment / Lifestyle","Entertainment / Lifestyle / Hobby","https://www.youtube.com/channel/UCb9A6uotqUiuVCvVp4GMqOg","https://yt3.ggpht.com/ytc/AIdro_kYgRFcfXEnEVYfiJ5Z-eY8IIIaL6kh2-cImdXyjTgbgEY=s800-c-k-c0x00ffffff-no-rj"
"267","UCkLNHZZsC3LKdUAroKNwOOw","CuRe 구래","35100000","37116335154","KR","South Korea","Entertainment","Entertainment","https://www.youtube.com/channel/UCkLNHZZsC3LKdUAroKNwOOw","https://yt3.ggpht.com/ESeFH2AUcsxtnfxFOPxL3OBkZzpLmxF39-NAjXM5DiVj7qcVvL-2Wt6DINB0RjHAKzJdNEiJ=s800-c-k-c0x00ffffff-no-rj"
"268","UCLGHEUaREx_FtNrqfJ8gXIA","Box Of Vengeance","35100000","19513320266","IN","India","Entertainment / Lifestyle","Entertainment / Lifestyle","https://www.youtube.com/channel/UCLGHEUaREx_FtNrqfJ8gXIA","https://yt3.ggpht.com/AMOYA3NhZ5TIf5bVKxntsd-tFihCNPFlaAulok5MSPk-QezDBoJyMBhWhAxYLC7k5k3M9ywOy08=s800-c-k-c0x00ffffff-no-rj"
"269","UCpB959t8iPrxQWj7G6n0ctQ","SSSniperWolf","35000000","26712580482","US","United States","Lifestyle","Food / Lifestyle","https://www.youtube.com/channel/UCpB959t8iPrxQWj7G6n0ctQ","https://yt3.ggpht.com/zmwPW6LtafadphG0c5qdxTY11Tx6hGwMCiBVQGrsDQRjf2-5oGlC_hPawSrmbNk5mo5Xpx9rag=s800-c-k-c0x00ffffff-no-rj"
"270","UCx8Z14PpntdaxCt2hakbQLQ","The Lallantop","35000000","19088463550","IN","India","Society","Society","https://www.youtube.com/channel/UCx8Z14PpntdaxCt2hakbQLQ","https://yt3.ggpht.com/CdR2ybs_Tz3mnJANjVWszTsYsSQbVmFUdYnqndK-K7j-tKRYH6Yz8gZpHb5bOvEtgFyHyAzMgQ=s800-c-k-c0x00ffffff-no-rj"
"271","UCxm5_Y8j9Bn7LxrSHMMJ0Pw","Аришнев","34900000","9175861998","US","United States","Entertainment","Entertainment / Movies","https://www.youtube.com/channel/UCxm5_Y8j9Bn7LxrSHMMJ0Pw","https://yt3.ggpht.com/R2DojSq4nydYMRmClWljkUKNJf2oKSteadGdaGqrZZYcvoHDXtqLGdX0nUM1kgOoddyIOXRl=s800-c-k-c0x00ffffff-no-rj"
"272","UCam8T03EOFBsNdR0thrFHdQ","VEGETTA777","34700000","16478117661","","Unknown","Gaming","Role-playing video game / Gaming / Action-adventure game / Action game","https://www.youtube.com/channel/UCam8T03EOFBsNdR0thrFHdQ","https://yt3.ggpht.com/hHrNKyAZYQuWOeu4ta8bkV12DXH7ytaR1HOaC3MTUcT9rLjuut-AZs909zoC0s3pgCUJKUgGhw=s800-c-k-c0x00ffffff-no-rj"
"273","UCTkXRDQl0luXxVQrRQvWS6w","Dream","34700000","4522884047","US","United States","Gaming","Role-playing video game / Gaming / Action-adventure game / Action game","https://www.youtube.com/channel/UCTkXRDQl0luXxVQrRQvWS6w","https://yt3.ggpht.com/In7JtEzLm2klae8nEa04D9OEYn_Sz8DUCEEs3lon3db0d2B7Ng4-jNRWv3C5hetujaqAj9mwBg=s800-c-k-c0x00ffffff-no-rj"
"274","UCNzsYU0aWwjERj-9Y9HUEng","Emmie's Wonder Wardrobe","34600000","29182736862","US","United States","Music / Entertainment / Lifestyle","Lifestyle / Movies / Entertainment / Hobby / Music","https://www.youtube.com/channel/UCNzsYU0aWwjERj-9Y9HUEng","https://yt3.ggpht.com/-Vdn7JDyOTv4XFa1PTOkAtrVpRUNvx4lGgbFqZ65fY2m7r5uLLMI41ub6YGCTm4BwTJxZspuGQM=s800-c-k-c0x00ffffff-no-rj"
"275","UCWABpVNM7ysT4KGXiUpShRw","Chotanawab","34600000","18290350853","","Unknown","Music / Entertainment / Lifestyle","Lifestyle / Entertainment / Music of Asia / Music","https://www.youtube.com/channel/UCWABpVNM7ysT4KGXiUpShRw","https://yt3.ggpht.com/ApKYANbQxyVpiASlA3wRk4bi1TKFhL9Mj51L58PPyHyshbuT0SyWZkrkrU_gUC3tdmDOCnVVsw=s800-c-k-c0x00ffffff-no-rj"
"276","UCbTVTephX30ZhQF5zwFppBg","rezendeevil","34600000","14390179953","BR","Brazil","Entertainment / Lifestyle","Entertainment / Lifestyle / Technology","https://www.youtube.com/channel/UCbTVTephX30ZhQF5zwFppBg","https://yt3.ggpht.com/2bmmG-8P14EhUoiFF-BK9TBd2c0KlvzzvKLDkrxJdZsxbDNWx7VYORktA2yf-M439tvFI48VqQ=s800-c-k-c0x00ffffff-no-rj"
"277","UC_aEa8K-EOJ3D6gOs7HcyNg","NoCopyrightSounds","34400000","12586169649","GB","United Kingdom","Music","Music / Electronic music","https://www.youtube.com/channel/UC_aEa8K-EOJ3D6gOs7HcyNg","https://yt3.ggpht.com/opGwWu2ScRBy-OA81LIzKwSatxlVKjjNyAdt4fWh4LoLzldx05Sdf3OGQz0Fz78ziZ9RLP4=s800-c-k-c0x00ffffff-no-rj"
"278","UCP84QWij0alw4MvzqzyfOnw","KHANDESHI MOVIES","34400000","12330338094","IN","India","Entertainment","Movies / Entertainment","https://www.youtube.com/channel/UCP84QWij0alw4MvzqzyfOnw","https://yt3.ggpht.com/ytc/AIdro_n7xeTx0oFzCUUd0D26PiVsGLepZKFL9WKC_dldvJY7imDd=s800-c-k-c0x00ffffff-no-rj"
"279","UCs2IckGd_d8kfZGAacfT2AA","Zidaan Shahid Aly","34200000","38556093004","IN","India","Entertainment / Lifestyle","Lifestyle / Entertainment / Movies","https://www.youtube.com/channel/UCs2IckGd_d8kfZGAacfT2AA","https://yt3.ggpht.com/upyvNo2JbySSpiyNPAMLrAhzZaAKWCOKcimxmaPp-uFb9YOp252js9Z--2scrVqmQQGkFcB6kQ=s800-c-k-c0x00ffffff-no-rj"
"280","UC8-Th83bH_thdKZDJCrn88g","The Tonight Show Starring Jimmy Fallon","34200000","20078758681","US","United States","Entertainment","Entertainment / TV shows / Movies","https://www.youtube.com/channel/UC8-Th83bH_thdKZDJCrn88g","https://yt3.ggpht.com/XAwGM8LsWiRxwrWEemBCsY1ALJnTNZo5kY09wSijFwaiD_sFAA0u7Jr-X1vtQ6EQWiApC--i5Q=s800-c-k-c0x00ffffff-no-rj"
"281","UCLtNvbkqea8wN_kGtfgx_Mw","Desi Music Factory","34200000","11641222623","IN","India","Music / Entertainment / Lifestyle","Lifestyle / Pop music / Music of Asia / Entertainment / Music","https://www.youtube.com/channel/UCLtNvbkqea8wN_kGtfgx_Mw","https://yt3.ggpht.com/LDPrmm0hkQPeJnb8R1jFj2x8QRVOiirXcsPL94iGe722VZSIb1oj8GkVQL_-PEkuW1w-L5wmMts=s800-c-k-c0x00ffffff-no-rj"
"282","UCbKWv2x9t6u8yZoB3KcPtnw","Alan Becker","34100000","9920012164","US","United States","Gaming / Entertainment","Entertainment / Gaming / Movies","https://www.youtube.com/channel/UCbKWv2x9t6u8yZoB3KcPtnw","https://yt3.ggpht.com/ytc/AIdro_m2cWJR2ufhrX0NpQWi7_UJriTaduV-vRDS4xx5vp1hLPk=s800-c-k-c0x00ffffff-no-rj"
"283","UC56cowXhoqRWHeqfSJkIQaA","Bounce Patrol - Kids Songs","34000000","28622383208","AU","Australia","Music / Entertainment","Pop music / Music / Entertainment / Movies","https://www.youtube.com/channel/UC56cowXhoqRWHeqfSJkIQaA","https://yt3.ggpht.com/ytc/AIdro_mI96w7ZDNqK8w_bxjASmLysfsUY2txHbXKZd8NTSnKF2s=s800-c-k-c0x00ffffff-no-rj"
"284","UCglXlpWjIi95auM3umWWLdw","Tech Master","34000000","22014696104","IN","India","Entertainment / Lifestyle","Movies / Entertainment / Lifestyle / Technology","https://www.youtube.com/channel/UCglXlpWjIi95auM3umWWLdw","https://yt3.ggpht.com/BS3-ZPY8jDy03zO5ooi3kmoRMZNLZMXzQts-JQlzb208QMOTJjAHcm-Z0jHJguxPJZZfX-K4eg=s800-c-k-c0x00ffffff-no-rj"
"285","UCEf_Bc-KVd7onSeifS3py9g","SMTOWN","33800000","34385146097","","Unknown","Music","Music of Asia / Music / Pop music / Electronic music","https://www.youtube.com/channel/UCEf_Bc-KVd7onSeifS3py9g","https://yt3.ggpht.com/42gxi39XmaHVEYxeuzdXitmJ_ig7QGPHczWLt2oPLG0g7AzuIWnNhYzSBXxAaQmPiVSM7Fi6=s800-c-k-c0x00ffffff-no-rj"
"286","UCNqFDjYTexJDET3rPDrmJKg","7clouds","33700000","32175366016","US","United States","Music","Electronic music / Pop music / Music / Hip hop music / Independent music","https://www.youtube.com/channel/UCNqFDjYTexJDET3rPDrmJKg","https://yt3.ggpht.com/fMDMjRRRMVuZxVeMo9R7gyOy4bIOHBv2faL-065NmHBDDkRMMRtJJtADQ5CneAClPWq130bC=s800-c-k-c0x00ffffff-no-rj"
"287","UCozAuGJZ5MPoijz8IE_1Gtw","قناة طيور الجنة | toyoraljanahtv","33700000","32065788045","","Unknown","Music / Society","Society / Religion / Music","https://www.youtube.com/channel/UCozAuGJZ5MPoijz8IE_1Gtw","https://yt3.ggpht.com/ytc/AIdro_n6y3BC248Py3H4BvYDN-y6r5T9xqKTr_cksoV9RQFdH_I=s800-c-k-c0x00ffffff-no-rj"
"288","UCTheFErn4MureanSiqgKIag","DONA 도나","33700000","23832878575","US","United States","Lifestyle","Food / Lifestyle","https://www.youtube.com/channel/UCTheFErn4MureanSiqgKIag","https://yt3.ggpht.com/ytc/AIdro_mFXwcRkZL0Ym721cEq2RZ-xqMV0gm8ykgDxbvPbG7hwQ=s800-c-k-c0x00ffffff-no-rj"
"289","UCI78AdiI6f7VKhqW1i4B3Rw","Zach Choi","33700000","15385394627","US","United States","Lifestyle","Lifestyle / Food","https://www.youtube.com/channel/UCI78AdiI6f7VKhqW1i4B3Rw","https://yt3.ggpht.com/ytc/AIdro_nv3K8KG6LvfLVy_U1RS77IdrpBcRs_08kB-bOymm3dlKot=s800-c-k-c0x00ffffff-no-rj"
"290","UCWOA1ZGywLbqmigxE4Qlvuw","Netflix","33700000","11583646577","US","United States","Entertainment","Movies / Entertainment / TV shows","https://www.youtube.com/channel/UCWOA1ZGywLbqmigxE4Qlvuw","https://yt3.ggpht.com/3b73AYEMMfa3SX5KJMeygio9smTPvrPrpicuQZbfQ_2DN7dV_ApiRM4CdYjSprEy1YYvt_9b=s800-c-k-c0x00ffffff-no-rj"
"291","UCAQB-fgOrLlUm149S3oArOg","Mau McMahon","33700000","8714160941","MX","Mexico","Entertainment / Lifestyle","Movies / Lifestyle / Entertainment","https://www.youtube.com/channel/UCAQB-fgOrLlUm149S3oArOg","https://yt3.ggpht.com/Pk_8R5NIkPUkLjtLBcEXi3KvkeFfjkhZHQG9wns78eE8num7eqlZrXIPyvsH6VgWvZfs96a_Uw=s800-c-k-c0x00ffffff-no-rj"
"292","UCcryiZdagSR9M-Oii_Y4OfQ","ZappyToons - Hindi Nursery Rhymes and Stories","33600000","25684019213","IN","India","Music / Entertainment","Music / Movies / Music of Asia / Entertainment","https://www.youtube.com/channel/UCcryiZdagSR9M-Oii_Y4OfQ","https://yt3.ggpht.com/TXHK5qQIr9Zgh7tpyfZ9JG8sKcbTdfUuyMWukYjKLVSnp5ZuOV9Tal4mW25FczTlEIaA2HoJ=s800-c-k-c0x00ffffff-no-rj"
"293","UC371icpvZj2oQaocL0i9L-g","DUDU e CAROL","33600000","16115456517","BR","Brazil","Entertainment / Lifestyle","Entertainment / Lifestyle","https://www.youtube.com/channel/UC371icpvZj2oQaocL0i9L-g","https://yt3.ggpht.com/OY3nMA7uLUx0EQCTUO5W7I6jcD8fgQm-VcSMd9yxqfSWCTE-6UuzgGv5aeFnMqjkmo67-i4hIA=s800-c-k-c0x00ffffff-no-rj"
"294","UCm3hAp1m1xlAz0ve_EKAo4g","Talking Tom","33500000","18319914207","US","United States","Gaming / Entertainment","Movies / Entertainment / Gaming","https://www.youtube.com/channel/UCm3hAp1m1xlAz0ve_EKAo4g","https://yt3.ggpht.com/T5jVxbf_qo_zKAHx_blbMRvyElV9jc_u4PwuWqvDxgDStRfrgrw0BKtSdXQyAtwMBGARKyPRYg=s800-c-k-c0x00ffffff-no-rj"
"295","UCsRM0YB_dabtEPGPTKo-gcw","Adele","33400000","19356583776","","Unknown","Music","Soul music / Music / Pop music","https://www.youtube.com/channel/UCsRM0YB_dabtEPGPTKo-gcw","https://yt3.ggpht.com/BkJSG0gIJTKyUziqxJOdtJSjXbPNtOelrBBFjRoOaa_xcFgaptqm8hvHxbh46P4uZc4lV3f4=s800-c-k-c0x00ffffff-no-rj"
"296","UCoC47do520os_4DBMEFGg4A","李子柒 Liziqi","33400000","3463549275","CN","China","Lifestyle","Food / Lifestyle","https://www.youtube.com/channel/UCoC47do520os_4DBMEFGg4A","https://yt3.ggpht.com/ytc/AIdro_lMlQg_VGO3Lv2oRmEoOTE2sJF8VJvdEGU9ScQD7HvORsA=s800-c-k-c0x00ffffff-no-rj"
"297","UCT9zcQNlyht7fRlcjmflRSA","ImagineDragons","33300000","23449394238","US","United States","Music","Rock music / Pop music / Music","https://www.youtube.com/channel/UCT9zcQNlyht7fRlcjmflRSA","https://yt3.ggpht.com/l6ARvvtI4GWlZMV0nMCoatBy6NjJIB_PVK4ZTEpImbspN57kMaSqMHskIPXkgxsiISB0inbO9J4=s800-c-k-c0x00ffffff-no-rj"
"298","UCzJ53fi4NuDCYWOk9PtEkCA","_vector_","33100000","26229108426","US","United States","Entertainment / Lifestyle","Entertainment / Lifestyle / Food / Technology","https://www.youtube.com/channel/UCzJ53fi4NuDCYWOk9PtEkCA","https://yt3.ggpht.com/xk1LtaFeJ_GgnoCuljfLe0LHesN7RRU5Fj11ucHoF-DsVU_fmPn1Mb_eqfqijXpfbtzvHphkrg=s800-c-k-c0x00ffffff-no-rj"
"299","UCByOQJjav0CUDwxCk-jVNRQ","Drake","33100000","24280538343","","Unknown","Music","Rhythm and blues / Music / Hip hop music / Pop music / Soul music","https://www.youtube.com/channel/UCByOQJjav0CUDwxCk-jVNRQ","https://yt3.ggpht.com/ytc/AIdro_lCPp6jFXJWIVHM0fIK5HofL3nyLOsmhu1Ek2OwyppYlOM=s800-c-k-c0x00ffffff-no-rj"
"300","UC_cdxikvfl_ntmtW6loibKA","Jomy Production","33000000","13440621129","IN","India","Entertainment","Movies / Entertainment","https://www.youtube.com/channel/UC_cdxikvfl_ntmtW6loibKA","https://yt3.ggpht.com/M1OOg59frBcrWXBew36LcvYlI_LE2BbqttVMWsD4diWcqHizhTB3YzVk4A0PPaq0rfI8pmUj2jU=s800-c-k-c0x00ffffff-no-rj"
"301","UCozwejESfvl88CBBL0KgEhw","Hamster Kombat","33000000","1351601393","US","United States","Society / Knowledge","Knowledge / Society","https://www.youtube.com/channel/UCozwejESfvl88CBBL0KgEhw","https://yt3.ggpht.com/rIbAGlJyDzcngVjvpn4-vB97i59V0tu0m5b1HoivRl2hzSVzGx16gp_bfiZu56Tjcw2eMwq9aw=s800-c-k-c0x00ffffff-no-rj"
"302","UCBnxEdpoZwstJqC1yZpOjRA","Sun TV","32900000","46848081695","IN","India","Entertainment","Movies / TV shows / Entertainment","https://www.youtube.com/channel/UCBnxEdpoZwstJqC1yZpOjRA","https://yt3.ggpht.com/ZeW9yVbhXq0R5DNVUBN895lr_tEc7XA06yB3F7RdJZXyd6VtQbw0eCRoHtGIR4-JNji39AFv4Vs=s800-c-k-c0x00ffffff-no-rj"
"303","UCLbyJSPEe2lx3jY-G0CFR3g","VaniMani","32900000","19914369876","US","United States","Lifestyle","Hobby / Lifestyle","https://www.youtube.com/channel/UCLbyJSPEe2lx3jY-G0CFR3g","https://yt3.ggpht.com/faS__JdNT-AuGacf3RdK1oB-WnMYIx7fbUpzINetsJEaAY7hhZB-OeM5Uz4tWa83rOQNAWtf=s800-c-k-c0x00ffffff-no-rj"
"304","UC-CSyyi47VX1lD9zyeABW3w","Dhruv Rathee","32900000","6190172557","DE","Germany","Society / Knowledge","Knowledge / Society","https://www.youtube.com/channel/UC-CSyyi47VX1lD9zyeABW3w","https://yt3.ggpht.com/ATJuCH36wHPiFwumVBm423ouLVGQtq2pkPMOlSCclqqXErazOWyl4n07MRmbFnSJTL5P02Fq=s800-c-k-c0x00ffffff-no-rj"
"305","UC7eHZXheF8nVOfwB2PEslMw","ashish chanchlani vines","32700000","5743272041","IN","India","Gaming / Entertainment / Society","Society / Gaming / Politics / Entertainment","https://www.youtube.com/channel/UC7eHZXheF8nVOfwB2PEslMw","https://yt3.ggpht.com/CrLhyqPSRNF7y2vkwh0741Bp2B6l1btRWt-J3DL0Pgt9_LbYybVxSv8T_8hx2wtuVevBWw9Pog=s800-c-k-c0x00ffffff-no-rj"
"306","UC6ABNFIGTdN41wC-PccaIKA","Andrey Grechka","32600000","38869237584","","Unknown","Entertainment","Movies / Entertainment","https://www.youtube.com/channel/UC6ABNFIGTdN41wC-PccaIKA","https://yt3.ggpht.com/rPKAl8x9uAQpcSUC-b4MJnZoLcEZEv0P33u1h9VcgSSh5gFXXbI_ptzJhA9Tpih8inxbz4N9KQc=s800-c-k-c0x00ffffff-no-rj"
"307","UCxoq-PAQeAdk_zyg8YS0JqA","Luis Fonsi","32600000","17639796297","US","United States","Music / Lifestyle","Lifestyle / Music of Latin America / Music / Pop music","https://www.youtube.com/channel/UCxoq-PAQeAdk_zyg8YS0JqA","https://yt3.ggpht.com/ia2BN5pgqtFZ79o-HmDrTZAZ3tATeNeUwx74ys7w4HMm7NLKX_tMFtLhOCPAiyOWTMrDoSapuQ=s800-c-k-c0x00ffffff-no-rj"
"308","UC4rasfm9J-X4jNl9SvXp8xA","Ultra Records","32500000","20301901531","","Unknown","Music","Pop music / Music / Electronic music","https://www.youtube.com/channel/UC4rasfm9J-X4jNl9SvXp8xA","https://yt3.ggpht.com/ljBJgg_2rIQIhglsv5Mg-sWCH3BuRGkoc0EdTNXOAszyapyAzdB5OHVwdFTzVQIo1u3001kjfg=s800-c-k-c0x00ffffff-no-rj"
"309","UCZLl7vfqlRjVL4YBHGmLVvQ","Vlad and Niki ESP","32400000","14882816339","US","United States","Entertainment / Lifestyle","Lifestyle / Entertainment / Hobby","https://www.youtube.com/channel/UCZLl7vfqlRjVL4YBHGmLVvQ","https://yt3.ggpht.com/ytc/AIdro_l72Hc2ta1Jk0XbKxcyQPRY1uXm4Rtl6vy9qm4QHeaxc3M=s800-c-k-c0x00ffffff-no-rj"
"310","UC-Diq5SjWZDol8C0_E_1Y7A","BigSchool","32400000","14851655208","US","United States","Gaming","Role-playing video game / Gaming","https://www.youtube.com/channel/UC-Diq5SjWZDol8C0_E_1Y7A","https://yt3.ggpht.com/HPjMX5f45ydF69qhwiaPFORK8s4r9E7l0RF0_cofaw007dQbt0ThoZIpwRtnc0s-NOPxZ16AOAM=s800-c-k-c0x00ffffff-no-rj"
"311","UCY-at5vWhDoMJ8y0kIPFwDA","Azhan5star","32400000","10588535493","IN","India","Entertainment","Movies / Entertainment","https://www.youtube.com/channel/UCY-at5vWhDoMJ8y0kIPFwDA","https://yt3.ggpht.com/T-kiLzpaipZSs0Eprfp3dwhdpO8NeFazPUbTHexYvrQCKROmHMSFYl-znEjStwxDuKxArNMFWw=s800-c-k-c0x00ffffff-no-rj"
"312","UC0gnpMXQFvO9YsRZ_2adXPA","Diosdado Juarez","32300000","27628960742","MX","Mexico","Entertainment / Lifestyle","Movies / Lifestyle / Entertainment","https://www.youtube.com/channel/UC0gnpMXQFvO9YsRZ_2adXPA","https://yt3.ggpht.com/ytc/AIdro_m_6AWBzVuSaXfQPzV91SZYwbedeGWE5kWSm4H3bpYdOTx-=s800-c-k-c0x00ffffff-no-rj"
"313","UCYCh5_-In6wtzWR-s_kM03w","H&T Official","32300000","19671626255","VN","Vietnam","Entertainment","Entertainment","https://www.youtube.com/channel/UCYCh5_-In6wtzWR-s_kM03w","https://yt3.ggpht.com/A7gephwljtOP_Ai8X07qKgfy6TDPvUvObLPlgb_5VYsIYsfDfhNMtrXAD13319foXRxpqODF=s800-c-k-c0x00ffffff-no-rj"
"314","UC70Dib4MvFfT1tU6MqeyHpQ","Preston","32300000","13514689774","US","United States","Gaming / Entertainment / Lifestyle","Lifestyle / Entertainment / Gaming / Movies","https://www.youtube.com/channel/UC70Dib4MvFfT1tU6MqeyHpQ","https://yt3.ggpht.com/g-I_965xeS8IlxhbPm10DtwIgH2xHhHYWaE8JXiPJLjK15YBTR1ViqppmzHWgD_R5YvXDk4L=s800-c-k-c0x00ffffff-no-rj"
"315","UCYauDsl-rswjQGpA0_-Z9Pw","Ultra Movie Parlour","32300000","7763086966","IN","India","Entertainment","Entertainment / Movies","https://www.youtube.com/channel/UCYauDsl-rswjQGpA0_-Z9Pw","https://yt3.ggpht.com/ytc/AIdro_nVLioaJVrhmX7Bf05Yax9nnbcI5kWXimV_L-HWVW_kDw=s800-c-k-c0x00ffffff-no-rj"
"316","UCwohKbRK2QnojtLh3p7xwaA","Ami Rodriguez","32300000","6700831263","CO","Colombia","Lifestyle","Hobby / Lifestyle","https://www.youtube.com/channel/UCwohKbRK2QnojtLh3p7xwaA","https://yt3.ggpht.com/utckEe22Sw3pe2i-vfzB95GUY5mqJ8EInaew_iQ4qNP1M6SRgGi-1JHyV7bv8iGhGc3P8GDkpA=s800-c-k-c0x00ffffff-no-rj"
"317","UCaO6TYtlC8U5ttz62hTrZgg","JYP Entertainment","32200000","28175622853","","Unknown","Music","Pop music / Music / Music of Asia","https://www.youtube.com/channel/UCaO6TYtlC8U5ttz62hTrZgg","https://yt3.ggpht.com/2gb_g-qmLOeU6ZC3xyEPFN-fxDqkOkqr44TapTNi6iKQfLL13nOK6kuPWtYVTMPuiyT2tcb64A=s800-c-k-c0x00ffffff-no-rj"
"318","UCpDJl2EmP7Oh90Vylx0dZtA","Spinnin' Records","32100000","23354218953","NL","Netherlands","Music","Pop music / Music / Electronic music","https://www.youtube.com/channel/UCpDJl2EmP7Oh90Vylx0dZtA","https://yt3.ggpht.com/ytc/AIdro_lAEdCN-f5liiRVIRudaJzXbIsroI3oe-4QoemUi6t8RqI=s800-c-k-c0x00ffffff-no-rj"
"319","UC63iwP6BtIjxB6xn1GKR6Lw","Emilly Vick","32000000","23391552558","BR","Brazil","Music / Lifestyle","Lifestyle / Music","https://www.youtube.com/channel/UC63iwP6BtIjxB6xn1GKR6Lw","https://yt3.ggpht.com/jOKzZmBnLketozAOdR9CIpcFgf0RGtY38ZT2MWJNTFvuIEOZMtOHSo8gF_LXbzSmsroA0pP5Cw=s800-c-k-c0x00ffffff-no-rj"
"320","UCwD0mtMrm_lxRGurKzM2qUQ","Chiku life vlogs","32000000","19135317063","","Unknown","Entertainment","Movies / Entertainment","https://www.youtube.com/channel/UCwD0mtMrm_lxRGurKzM2qUQ","https://yt3.ggpht.com/5Kyft-6SvfupIHwx6R3OYrWSQSUyEFBo08rwyFYULMSA7Un72ZR-2PqP79zQY-EqgCf8o2QSczQ=s800-c-k-c0x00ffffff-no-rj"
"321","UCbrd1vu4_7qIE6IPV_dA-OA","GENIAL","32000000","7270462208","MX","Mexico","Society / Knowledge","Society / Knowledge","https://www.youtube.com/channel/UCbrd1vu4_7qIE6IPV_dA-OA","https://yt3.ggpht.com/ytc/AIdro_nMLEWxNh6DAng8uyCux9DtPpIKIaQyGqT6tgEQNjB0i1A=s800-c-k-c0x00ffffff-no-rj"
"322","UC7wXt18f2iA3EDXeqAVuKng","Republic Bharat","31900000","23729882223","IN","India","Society","Politics / Society","https://www.youtube.com/channel/UC7wXt18f2iA3EDXeqAVuKng","https://yt3.ggpht.com/AOhO1dXA-M9oWrImpl0WIB5FeH2ufehId3l7oT4Hs-_t-dMtG-jxtQyIKdYmbipR36xXkZSb=s800-c-k-c0x00ffffff-no-rj"
"323","UC5apxzE3aEOpvP0XkeuW8mw","Bobby chourasiya","31900000","18888434922","","Unknown","Entertainment","Entertainment / Movies","https://www.youtube.com/channel/UC5apxzE3aEOpvP0XkeuW8mw","https://yt3.ggpht.com/gXHIrru0Uxf0GMBsXwak_toOMmeLuVxXYXfpDuZE76nMqJ34-t_w9uM2U591qN3bHLgUrm9UaEI=s800-c-k-c0x00ffffff-no-rj"
"324","UCU2zNeYhf9pi_wSqFbYE96w","Boram Tube Vlog [보람튜브 브이로그]","31800000","14451943323","US","United States","Lifestyle","Lifestyle / Hobby","https://www.youtube.com/channel/UCU2zNeYhf9pi_wSqFbYE96w","https://yt3.ggpht.com/ytc/AIdro_kTq-aspmSDSskw5FAtCb7x7MViNAhvE-fdkVijJdcxO_Y=s800-c-k-c0x00ffffff-no-rj"
"325","UChMJkHCD2wdvSO7CMOuLR-w","Renato Garcia","31800000","10858480563","BR","Brazil","Lifestyle","Lifestyle / Vehicles","https://www.youtube.com/channel/UChMJkHCD2wdvSO7CMOuLR-w","https://yt3.ggpht.com/S-_Z3cpUKjWr4vHaMMxuT75v_09zUfWTidANDgFxEeuJDGDWNNS-jBdBzCBEHD3LP8WxpVtn=s800-c-k-c0x00ffffff-no-rj"
"326","UCT2X19JJaJGUN7mrYuImANQ","America's Got Talent","31700000","5998372680","US","United States","Music / Entertainment","Entertainment / TV shows / Performing arts / Music / Pop music","https://www.youtube.com/channel/UCT2X19JJaJGUN7mrYuImANQ","https://yt3.ggpht.com/Dj9te-vScUV3H0r7xfM91K2XpvbCs-RM2PT_7oZbt2pWN-yC9Ls7_8xOqJW3ABaQ52r-w1bpXg=s800-c-k-c0x00ffffff-no-rj"
"327","UC7Lta_EuGv5BXoLTpUutvBA","Filaretiki","31600000","38107863267","US","United States","Gaming / Lifestyle","Lifestyle / Gaming","https://www.youtube.com/channel/UC7Lta_EuGv5BXoLTpUutvBA","https://yt3.ggpht.com/CZG0CoxHihqKyaixaKmTWzAN5W8BHC3udffGdSlHkj8L8cEXL6CtWcVXSATKLxDcoSwvd2-r7E4=s800-c-k-c0x00ffffff-no-rj"
"328","UCBz9qbqujcjIavFmBJW2oZw","Sony AATH","31400000","26305974775","US","United States","Entertainment","Humor / Movies / Entertainment / TV shows","https://www.youtube.com/channel/UCBz9qbqujcjIavFmBJW2oZw","https://yt3.ggpht.com/dWloAb5aD9Jvz57fz6eZJmLoirWclDN6KOP6oWkmcJXsx6tseGedGxV90fYFgBGjV1KKly7yGg=s800-c-k-c0x00ffffff-no-rj"
"329","UCrreHSUa5rnuCVDeO8dX4eA","Peppa Pig Español Latino - Canal Oficial","31400000","14211751571","MX","Mexico","Entertainment","TV shows / Movies / Entertainment","https://www.youtube.com/channel/UCrreHSUa5rnuCVDeO8dX4eA","https://yt3.ggpht.com/4dXyeSMATwpYL4SfHc4c2ebiQxVvqYAbthc0UN5QWCrR2xT0fPhbxIODcNe9MGRIEOV0VtkyTA=s800-c-k-c0x00ffffff-no-rj"
"330","UC9ChdqQRCaZmTCwSJ49tcbw","Sidhu Moose Wala","31400000","10777975918","IN","India","Music","Pop music / Music of Asia / Music / Hip hop music","https://www.youtube.com/channel/UC9ChdqQRCaZmTCwSJ49tcbw","https://yt3.ggpht.com/ytc/AIdro_kiQJ0Hhp0O-tdaY1dy81-gSNujjccUlWstnpFr686ZlMk=s800-c-k-c0x00ffffff-no-rj"
"331","UC1NF71EwP41VdjAU1iXdLkw","Narendra Modi","31400000","10319802024","IN","India","Society","Politics / Society","https://www.youtube.com/channel/UC1NF71EwP41VdjAU1iXdLkw","https://yt3.ggpht.com/UkHAndHfP8kM_G0-rYjIi882mFD-337fI2tDpN1uFasFjFKllur19MGtkCbnRZ-YNE8F_LKjeg=s800-c-k-c0x00ffffff-no-rj"
"332","UCaKLg1ELiX0zTJ6Je3c5esA","AH","31400000","5801996792","ID","Indonesia","Sports / Entertainment / Lifestyle","Lifestyle / Football / Entertainment / Sports","https://www.youtube.com/channel/UCaKLg1ELiX0zTJ6Je3c5esA","https://yt3.ggpht.com/hOOSOY8XHJ4GfS7XE0G_QAzUnKOyAohT_8yIT2c4_7C5rZs0nzseb2uHopSsQ65DCuh1Z40n=s800-c-k-c0x00ffffff-no-rj"
"333","UCVEDZVtA5NUtjxSXHjtvkag","Kidibli (Kinder Spielzeug Kanal)","31300000","17814371210","US","United States","Entertainment / Lifestyle","Hobby / Entertainment / Lifestyle","https://www.youtube.com/channel/UCVEDZVtA5NUtjxSXHjtvkag","https://yt3.ggpht.com/oNvBxqReJFCcWjCOvDdgJANh_xQgFXZT3-84kME1Weu2Qc5QbegGw6gBkR_WKe_w14kcHLVfBw=s800-c-k-c0x00ffffff-no-rj"
"334","UCIpp0Pb8H3K-Htb-WOF9DBw","Soy Suco","31300000","7154476766","EC","Ecuador","Gaming","Role-playing video game / Action game / Gaming / Action-adventure game","https://www.youtube.com/channel/UCIpp0Pb8H3K-Htb-WOF9DBw","https://yt3.ggpht.com/dyEwFF3JyVP6Z8APfO_D4TnW2BbJEvP-kTyHuzwyw8rDgXlLcwNPYZA2HVWob2ge9ojvV5vyyj4=s800-c-k-c0x00ffffff-no-rj"
"335","UCYzPXprvl5Y-Sf0g4vX-m6g","jacksepticeye","31200000","17748872441","IE","Ireland","Gaming","Action-adventure game / Gaming / Role-playing video game / Action game","https://www.youtube.com/channel/UCYzPXprvl5Y-Sf0g4vX-m6g","https://yt3.ggpht.com/ytc/AIdro_m7K306sLhJfQqGAMnuHdEBTwdqBA4gVTGa_FtEmarXd34=s800-c-k-c0x00ffffff-no-rj"
"336","UCq3zaHCaZtb3TtNwwz0PK2w","Disney Jr. Latinoamérica","31200000","14346370088","AR","Argentina","Entertainment","TV shows / Movies / Entertainment","https://www.youtube.com/channel/UCq3zaHCaZtb3TtNwwz0PK2w","https://yt3.ggpht.com/dLWvhIPtCVjhWzhtf1dDglQ4oECwsoRcdLzkyGwr4IICG7X8V6CX1f6uciF1tvmsDDe6MsvO=s800-c-k-c0x00ffffff-no-rj"
"337","UCHkj014U2CQ2Nv0UZeYpE_A","JustinBieberVEVO","31100000","31856692891","US","United States","Music","Pop music / Music / Rhythm and blues / Hip hop music / Electronic music / Soul music","https://www.youtube.com/channel/UCHkj014U2CQ2Nv0UZeYpE_A","https://yt3.ggpht.com/4Mz5el_eyeB5cBod2jHMV-CC3fYiuSmDuCT9A9tGyYh03KQyVdrP04KYYMttZItBCtn4kfef=s800-c-k-c0x00ffffff-no-rj"
"338","UClZuKq2m0Qu-HkopkSBLpEw","Maluma","31100000","27553057423","US","United States","Music / Lifestyle","Music of Latin America / Lifestyle / Music","https://www.youtube.com/channel/UClZuKq2m0Qu-HkopkSBLpEw","https://yt3.ggpht.com/ZaSSNr-nDSOACgMiMgxp3lNkoMVRzzp9c7jD4nnaLJ0c0b4S8Is7sY4Lh-_oPYPldu1AxgzYqA=s800-c-k-c0x00ffffff-no-rj"
"339","UC2xjgvWb9cx5F637XjsUNxw","toycantando","31100000","21598302316","CO","Colombia","Music / Entertainment","Movies / Entertainment / Music","https://www.youtube.com/channel/UC2xjgvWb9cx5F637XjsUNxw","https://yt3.ggpht.com/md7lYWUB7d0bQ9vJySBPijF4BRMPcXgVI8l52qk7CFabHFUkLLudah1UsQeA5OvmifzaFYQejNI=s800-c-k-c0x00ffffff-no-rj"
"340","UCN6sm8iHiPd0cnoUardDAnw","Jamuna TV","31000000","29680907540","BD","Bangladesh","Society","Politics / Society","https://www.youtube.com/channel/UCN6sm8iHiPd0cnoUardDAnw","https://yt3.ggpht.com/54prTx28YpPxSpk_PfJGuOfQgcZbNdvbfk0adGePrAvINO4Mo9_bw3j-J4seXn6hNGuMr1ck=s800-c-k-c0x00ffffff-no-rj"
"341","UC7Pq3Ko42YpkCB_Q4E981jw","Kids TV - Nursery Rhymes And Baby Songs","31000000","16610673860","IN","India","Music / Entertainment","Music / Movies / Entertainment","https://www.youtube.com/channel/UC7Pq3Ko42YpkCB_Q4E981jw","https://yt3.ggpht.com/uGak22LOT7AN1k2s2i8db05zbBzly8Ts5hs530SqN0Fd1YTKSIQE-v6Xd4uPwNgiM--Kl3PAYA=s800-c-k-c0x00ffffff-no-rj"
"342","UC9trsD1jCTXXtN3xIOIU8gg","WB Kids","31000000","15236277783","US","United States","Entertainment","TV shows / Movies / Entertainment","https://www.youtube.com/channel/UC9trsD1jCTXXtN3xIOIU8gg","https://yt3.ggpht.com/R2KYxsEnGbM3nEp_VzD0dA8zkn_APB6Kil0TOCWQpNR5RcfcSOt9DYnT0MgbckxWfeNEpj3CvA=s800-c-k-c0x00ffffff-no-rj"
"343","UCmphdqZNmqL72WJ2uyiNw5w","ABPLIVE","31000000","12463833907","IN","India","Society","Society / Politics","https://www.youtube.com/channel/UCmphdqZNmqL72WJ2uyiNw5w","https://yt3.ggpht.com/ET9_RIDkPNb-XeN1fN8-l-bm9aTkL7wLlQdnEjuMv6FpSU08WKvFmF1VfcLQ0a-h6tx7nhigPg=s800-c-k-c0x00ffffff-no-rj"
"344","UCtm3DGXkWqAUQZMHl97SVxA","Diana and Roma ARA","30900000","15044119931","US","United States","Entertainment / Lifestyle","Hobby / Entertainment / Lifestyle","https://www.youtube.com/channel/UCtm3DGXkWqAUQZMHl97SVxA","https://yt3.ggpht.com/Ypavaq_J5W2no7mbI4MPHWw83AKDUF2b-ljjOmlrvr67ry1_ycrB95yq04RP3prc_LYXUFs=s800-c-k-c0x00ffffff-no-rj"
"345","UCk3JZr7eS3pg5AGEvBdEvFg","Village Cooking Channel","30900000","10151846289","IN","India","Lifestyle","Lifestyle / Food","https://www.youtube.com/channel/UCk3JZr7eS3pg5AGEvBdEvFg","https://yt3.ggpht.com/66OTTHSdZwqnz75I-z_sCFmf-EKQ9q4_OZsluCDm3KqPrcauc16Si1gGQuUgqe82Pi05Y2vnpw=s800-c-k-c0x00ffffff-no-rj"
"346","UCs570zdFq_NNA5OcV8chnHw","Goldmines Movies","30900000","7008891732","","Unknown","Entertainment","Entertainment / Movies / TV shows","https://www.youtube.com/channel/UCs570zdFq_NNA5OcV8chnHw","https://yt3.ggpht.com/d66J-MMZ06-55gkF5maclPGB5f5j1L0SAs3iWnl3lhoswlWrJ67wD2a3mZGkgHgt-W3kMrIT=s800-c-k-c0x00ffffff-no-rj"
"347","UCPhHBEtG6dVZ5fJKoNArcJw","승비니 Seungbini","30800000","28379969780","","Unknown","Lifestyle","Lifestyle / Food","https://www.youtube.com/channel/UCPhHBEtG6dVZ5fJKoNArcJw","https://yt3.ggpht.com/Cx0TUP3z02QzKLn1wmsC5lMjdTBpUyWJR9Lq1UWxNRPWWv831PU3InakSa3e8acadB8uDLhyEy4=s800-c-k-c0x00ffffff-no-rj"
"348","UCNL1ZadSjHpjm4q9j2sVtOA","Lady Gaga","30800000","25819321230","","Unknown","Music / Entertainment / Lifestyle","Lifestyle / Entertainment / Pop music / Music / Performing arts","https://www.youtube.com/channel/UCNL1ZadSjHpjm4q9j2sVtOA","https://yt3.ggpht.com/lM8HHBd5BZtP_-Dh1i3n1Z4teVW8v2KTG-hsS83yXUiK0K6krkk1XNEFbho3uwH-CS-FQpnlHw=s800-c-k-c0x00ffffff-no-rj"
"349","UCVp3nfGRxmMadNDuVbJSk8A","Wiz Khalifa","30800000","16488363807","US","United States","Music","Hip hop music / Music","https://www.youtube.com/channel/UCVp3nfGRxmMadNDuVbJSk8A","https://yt3.ggpht.com/LZwX8hX3grUXHDAbNxoMmsCqHUUAmfhKRbAJQbIcuHxdZ6SHVa7rKxZe9nDTVGCl8vxzj5zWkw=s800-c-k-c0x00ffffff-no-rj"
"350","UCAvCL8hyXjSUHKEGuUPr1BA","Shawn Mendes","30800000","16343627645","","Unknown","Music","Music / Pop music / Independent music","https://www.youtube.com/channel/UCAvCL8hyXjSUHKEGuUPr1BA","https://yt3.ggpht.com/I1qhgop3h-_bD4mf_XkhHRIr5zAdxdPbTGGW0fL4cZeTj7T-YYAvoqTj5cQJ-6GlidTAw9rP2w=s800-c-k-c0x00ffffff-no-rj"
"351","UClQubH2NeMmGLTLgNdLBwXg","ZHC","30800000","4522381458","US","United States","Gaming / Lifestyle","Gaming / Lifestyle","https://www.youtube.com/channel/UClQubH2NeMmGLTLgNdLBwXg","https://yt3.ggpht.com/WekK3CDw-f_QRg5covVbkGRgLRM4fKMTinyYFJVXWKF_M552RP2lGmJ60bbWr24ddKiM0OKk=s800-c-k-c0x00ffffff-no-rj"
"352","UCoWpURVabfgqPUeKljAaEOA","Liza Baez","30700000","10583104818","MX","Mexico","Gaming / Lifestyle","Lifestyle / Gaming","https://www.youtube.com/channel/UCoWpURVabfgqPUeKljAaEOA","https://yt3.ggpht.com/JcY0gZ2IsUW-oviQarMXwk1EP6Dh7zlSjg_PntqDRoGYicnwws-zt5dUYZ91rNPIPYP0274JZw=s800-c-k-c0x00ffffff-no-rj"
"353","UC99ylcEAEH82gQLl4pHSgng","斗罗剧场","30600000","18838720646","HK","Hong Kong","Entertainment / Lifestyle","Lifestyle / Entertainment","https://www.youtube.com/channel/UC99ylcEAEH82gQLl4pHSgng","https://yt3.ggpht.com/OEXw8QG_7H5WF_J10EH807Po6jqsl0hYI8qVisygNjN5ztrlgfdqjBpuzl5dWA1Dm4IK0hiSMg=s800-c-k-c0x00ffffff-no-rj"
"354","UCcYrdFJF7hmPXRNaWdrko4w","Chris Brown","30500000","22674891156","","Unknown","Music","Rhythm and blues / Pop music / Hip hop music / Music / Electronic music","https://www.youtube.com/channel/UCcYrdFJF7hmPXRNaWdrko4w","https://yt3.ggpht.com/LQZxBlTRHDjVmcGbzUZqwwRmZ9ebU-XU8frGW6SEgcllooaoqnvL4bd_dTrraTZirHtuT1epKg=s800-c-k-c0x00ffffff-no-rj"
"355","UCAiLfjNXkNv24uhpzUgPa6A","Beast Philanthropy","30500000","1355236440","US","United States","Lifestyle","Lifestyle","https://www.youtube.com/channel/UCAiLfjNXkNv24uhpzUgPa6A","https://yt3.ggpht.com/GskFAiD8zDR_8ac8qF4DjPwAl4RBwFZEU4EOrX_iK9_YpocbmrAKXF7AlKGmgoJ_3u62YDVkbDc=s800-c-k-c0x00ffffff-no-rj"
"356","UCPXQ211d2zbLXFmFr4uy7YQ","vlogger varun","30400000","13899264200","","Unknown","Entertainment / Lifestyle","Movies / Entertainment / Lifestyle","https://www.youtube.com/channel/UCPXQ211d2zbLXFmFr4uy7YQ","https://yt3.ggpht.com/ytc/AIdro_m3qi1kyJqQU4MYDnB7X6_YsMCZjnsy0YJpJzWIvP3RaUo=s800-c-k-c0x00ffffff-no-rj"
"357","UC1XyiYP1CXDIWp0oKpbQ0Jg","Cacau Haxkar","30400000","11658229272","","Unknown","Lifestyle","Lifestyle / Hobby","https://www.youtube.com/channel/UC1XyiYP1CXDIWp0oKpbQ0Jg","https://yt3.ggpht.com/lEC-FMtuApsiJEGUtiAvzzRthnplrlJAzGbzxhnuk19FgOG2pQKx8xhijaEyD1b8bUDHbZXq=s800-c-k-c0x00ffffff-no-rj"
"358","UCoookXUzPciGrEZEXmh4Jjg","Sesame Street","30300000","31252253543","US","United States","Entertainment","TV shows / Entertainment / Movies","https://www.youtube.com/channel/UCoookXUzPciGrEZEXmh4Jjg","https://yt3.ggpht.com/UqIbNSghcysIlsbnGUxGMcY1Me7_bJ_zCrjz1oy9PueZVo63d1CnIk1tz8sAmTMNX9ojl4MhDQ=s800-c-k-c0x00ffffff-no-rj"
"359","UChOQkbLHWi3zSCUjT7Kjd1g","invictor","30300000","11213524655","ES","Spain","Gaming","Action game / Action-adventure game / Gaming / Role-playing video game","https://www.youtube.com/channel/UChOQkbLHWi3zSCUjT7Kjd1g","https://yt3.ggpht.com/CEycCtlqDUw_0t_2lTU3wKcXngV206Vh6yZI4qNojQYm9gMqvtLf1SGQHkh2rRzCoD1-oGd_Yg=s800-c-k-c0x00ffffff-no-rj"
"360","UC3339WgBDKIcxTfywuSmG8w","ViralHog","30200000","40568752687","US","United States","Lifestyle","Pets / Lifestyle","https://www.youtube.com/channel/UC3339WgBDKIcxTfywuSmG8w","https://yt3.ggpht.com/Yr7ez2tBDzqsxDUUz6FihFjIa3gznt_mtknbML6iD_x4lM0GjoTywMuhu0cXtXhzBCkOgYmFIMM=s800-c-k-c0x00ffffff-no-rj"
"361","UCOh01Sv2bdi_hjci9tOH7Mg","Aja Kitchen","30200000","23165199978","IN","India","Entertainment","Entertainment","https://www.youtube.com/channel/UCOh01Sv2bdi_hjci9tOH7Mg","https://yt3.ggpht.com/8CVAgarJbyFDXN6RFFBaznckkNGxnAjjWJTgmnEFW4MoAKHZw68j_8P9ABmdS_yOwwCPdgRP=s800-c-k-c0x00ffffff-no-rj"
"362","UCKEiTu4t6o2Y9hnqOS-GUgw","Chuster","30200000","11089054654","ES","Spain","Entertainment / Lifestyle","Movies / Lifestyle / Entertainment","https://www.youtube.com/channel/UCKEiTu4t6o2Y9hnqOS-GUgw","https://yt3.ggpht.com/SYmFssslQBgy3_brqMIaixUxoMgG5ansfcIudE38AO031Dtj-l5S1fPYNZJmNV8D5scVnXbhRg=s800-c-k-c0x00ffffff-no-rj"
"363","UCHAbNxkU837UAkZ-OPtdUUw","toyorbabytv","30100000","25622160185","JO","Jordan","Music / Entertainment / Society","Entertainment / Movies / Music / Religion","https://www.youtube.com/channel/UCHAbNxkU837UAkZ-OPtdUUw","https://yt3.ggpht.com/ytc/AIdro_mDBHu_GP40lgCx87ZmatlDH5oprPOb686kLBp1DHZEIw=s800-c-k-c0x00ffffff-no-rj"
"364","UCxhygwqQ1ZMoBGQM2yEcNug","Raffy Tulfo in Action","30100000","19106385180","PH","Philippines","Entertainment / Society","Society / TV shows","https://www.youtube.com/channel/UCxhygwqQ1ZMoBGQM2yEcNug","https://yt3.ggpht.com/hXibU1z7ILVAW_jLu4xdY-kDSh9fNv5r1DX9i4pU3ancJJjDaKCs-Fhp00eZRRsXvWFUUjACiw=s800-c-k-c0x00ffffff-no-rj"
"365","UCa10nxShhzNrCE1o2ZOPztg","Trap Nation","30100000","15181890391","US","United States","Music","Electronic music / Music / Hip hop music / Pop music","https://www.youtube.com/channel/UCa10nxShhzNrCE1o2ZOPztg","https://yt3.ggpht.com/B9PvKoXIC5DaigXMDusTLIJqJECcsbAZV_5n4krUMGyJQAPVLE-bHwtTGuz7Uo7eBIVo5Mgjlnc=s800-c-k-c0x00ffffff-no-rj"
"366","UC3ar28GS6o1p0m_wabfk2zw","Pen Movies","30100000","9880497243","IN","India","Entertainment","Movies / Entertainment","https://www.youtube.com/channel/UC3ar28GS6o1p0m_wabfk2zw","https://yt3.ggpht.com/603DmD2Oh-Pyfwtxxv6AldIdWMgxcBD128KV5lk-L4ndDphuB2NSKcz6ZXDp1Kpp4C9tyBMwtQ=s800-c-k-c0x00ffffff-no-rj"
"367","UCl_P0sCqxOdQpMwuajdXkRg","Diana and Roma EN","30000000","11468143032","US","United States","Entertainment / Lifestyle","Entertainment / Lifestyle / Hobby","https://www.youtube.com/channel/UCl_P0sCqxOdQpMwuajdXkRg","https://yt3.ggpht.com/iz3ozFbBkxSAHwpTkSYTUQ_5w5IMiBFk86MRopcdzm0euRdSfCHxReRQR3KBBziISxUevXE0Dg=s800-c-k-c0x00ffffff-no-rj"
"368","UCilwZiBBfI9X6yiZRzWty8Q","FaZe Rug","30000000","11089821990","US","United States","Lifestyle","Food / Lifestyle","https://www.youtube.com/channel/UCilwZiBBfI9X6yiZRzWty8Q","https://yt3.ggpht.com/KN9ZJ9iHcPcKGokxLlwTPhdWU6wPrTe7Lf_7g2lXhjpX6fc4240zD4uus5jP3LWrzgPPziDE=s800-c-k-c0x00ffffff-no-rj"
"369","UCSvaaQGkoOmISS54UCITg4w","La Granja del Borrego","30000000","7359219285","MX","Mexico","Lifestyle","Lifestyle","https://www.youtube.com/channel/UCSvaaQGkoOmISS54UCITg4w","https://yt3.ggpht.com/3LtwGl0KwYAiW2C5UygAoaGYD75YZVgA3F4RiIqeF7uJpPQKimu50j4sbNIh952VXUgq_kOXP_g=s800-c-k-c0x00ffffff-no-rj"
"370","UCRI7hheejBbWS6etTNwMT0g","Anuel AA","29900000","24473012986","CO","Colombia","Music","Pop music / Music of Latin America / Music / Hip hop music","https://www.youtube.com/channel/UCRI7hheejBbWS6etTNwMT0g","https://yt3.ggpht.com/S-y7Wjj9VoinbS6CA9XZ7LRQXthLj0u1H8UwEmFEn5IU5IXaciWFOVWyXbEjKAhoc_iTzsbO=s800-c-k-c0x00ffffff-no-rj"
"371","UCRqs0TZOqe5nrwP-BrdnCjg","jaanvi patel","29900000","15484793664","IN","India","Entertainment","Movies / Entertainment","https://www.youtube.com/channel/UCRqs0TZOqe5nrwP-BrdnCjg","https://yt3.ggpht.com/l4_qhzXxNH98RD7SD-QxmAnrs43F8E0cbgJ0MQ76kUYa5-V6Vq5RLwJB2rnfU7QwE7PhztwvZMY=s800-c-k-c0x00ffffff-no-rj"
"372","UCkwZ4L2z5M_nLHoPtshyJbw","ILYA BORZOV","29800000","23042789682","GE","Georgia","Entertainment / Lifestyle","Lifestyle / Entertainment","https://www.youtube.com/channel/UCkwZ4L2z5M_nLHoPtshyJbw","https://yt3.ggpht.com/ytc/AIdro_lHehtWUsgMDxa_CGkNxCHeCQYy-YDbRrol5R5gkh6u930=s800-c-k-c0x00ffffff-no-rj"
"373","UCblfuW_4rakIf2h6aqANefA","Red Bull","29700000","29422930689","AT","Austria","Sports / Lifestyle","Sports / Lifestyle","https://www.youtube.com/channel/UCblfuW_4rakIf2h6aqANefA","https://yt3.ggpht.com/ytc/AIdro_k94J7kkxpmlJe3c2iDFJpHk8SAADPpf49cN7XjomXSzEE=s800-c-k-c0x00ffffff-no-rj"
"374","UC9lzqhSNmG0loFlAZb1J_HA","Film World","29700000","2944961936","IN","India","Entertainment / Lifestyle","Entertainment / Lifestyle","https://www.youtube.com/channel/UC9lzqhSNmG0loFlAZb1J_HA","https://yt3.ggpht.com/g4ej52JYE9nclpdtb0vaBmPYUiMQiVCl8ryUB5vlF9DOKizJekww4ot_qkU05Q4tkxMWHiH20A=s800-c-k-c0x00ffffff-no-rj"
"375","UClBidZ3L6KW2cYOoh4-xEuQ","Misti Happy Lifestyle Games & Shorts","29600000","49660418768","IN","India","Music / Entertainment / Lifestyle","Music of Asia / Lifestyle / Entertainment / Movies / Music","https://www.youtube.com/channel/UClBidZ3L6KW2cYOoh4-xEuQ","https://yt3.ggpht.com/xjbyMzoYhKe9EubpNhogn2OusnP-QHkNFnT3XcOgi9xGxRT2LGTxJMDVmeCl6JISiLHQNDOaIw=s800-c-k-c0x00ffffff-no-rj"
"376","UCy_rxpSt8DMagOUFA9Q-t1A","BabyBus - Canciones Infantiles & Videos para Niños","29600000","19526786191","MX","Mexico","Music / Entertainment","Music / Movies / Entertainment","https://www.youtube.com/channel/UCy_rxpSt8DMagOUFA9Q-t1A","https://yt3.ggpht.com/wQCLV8OC301MzQg9wVCUvZkuBcAwWhMscWBst6mxDyTCw7idFzIV7TUfPqatB4uXUeP1yV1O3jA=s800-c-k-c0x00ffffff-no-rj"
"377","UCMEVZK5J38upc4XiRO3sqWQ","NuNu Tv Nursery Rhymes","29400000","25822644632","US","United States","Music / Entertainment","Entertainment / Movies / Music","https://www.youtube.com/channel/UCMEVZK5J38upc4XiRO3sqWQ","https://yt3.ggpht.com/iLzm9sY3MDgRN_cmVWRXixikHZu51a8BWsD1ri_tdNCiEGl9NynNc-PNb7qxuGazthxAYndfIA=s800-c-k-c0x00ffffff-no-rj"
"378","UCuHzBCaKmtaLcRAOoazhCPA","Beyoncé","29400000","22751654521","","Unknown","Music","Soul music / Rhythm and blues / Music / Pop music / Hip hop music","https://www.youtube.com/channel/UCuHzBCaKmtaLcRAOoazhCPA","https://yt3.ggpht.com/4UxYRy4fJ0Fo54TRPkw19_W6uCCnzTBSkzm75vGIiEObg4IgY5Ie1BIsNcflFNqofAjxEpTRcQ=s800-c-k-c0x00ffffff-no-rj"
"379","UCZSNzBgFub_WWil6TOTYwAg","Netflix India","29400000","16798829748","IN","India","Entertainment","Movies / Entertainment / TV shows","https://www.youtube.com/channel/UCZSNzBgFub_WWil6TOTYwAg","https://yt3.ggpht.com/1zMqt_hyAYOV-doKq-wK-UyREkj0GiBbgJ8bzKKtEFWbacBos5Gu8PuSP_dq5cI0a-FHg_lS=s800-c-k-c0x00ffffff-no-rj"
"380","UC5ma-WCc8jNCV0WyRnfbHTg","Diana and Roma HIN","29400000","14288725502","US","United States","Entertainment / Lifestyle","Hobby / Entertainment / Lifestyle","https://www.youtube.com/channel/UC5ma-WCc8jNCV0WyRnfbHTg","https://yt3.ggpht.com/A4lWLYvtmngFqhYxvQ_1uwk6n3Q6m8NXezcpYpARwlX1H0nzvMA0rfD1FoSuEeZPoC1WHAHJ=s800-c-k-c0x00ffffff-no-rj"
"381","UC8id8PPmTd6aqfpUnQzUaxw","Rubén Tuesta oficial","29300000","22689388170","MX","Mexico","Entertainment / Lifestyle","Movies / Entertainment / Lifestyle","https://www.youtube.com/channel/UC8id8PPmTd6aqfpUnQzUaxw","https://yt3.ggpht.com/0i2wJc8IcfQrms__29Lcn2x2oSxcOKQeutAUi67wHHjPiV2ezs9j9zMB1JpTQ_YogOkNN5pq4w=s800-c-k-c0x00ffffff-no-rj"
"382","UCoGDh1Xa3kUCpok24JN5DKA","enchufetv","29300000","11881775657","","Unknown","Entertainment","Movies / Entertainment","https://www.youtube.com/channel/UCoGDh1Xa3kUCpok24JN5DKA","https://yt3.ggpht.com/oIN7WhEw5MYf7juXyMlJfL3XcDl9mEyeUjrcRwFXZAJut_OqYB2cZI7r2cW4ycmYvn03W7JXlQ=s800-c-k-c0x00ffffff-no-rj"
"383","UCQvWX73GQygcwXOTSf_VDVg","Minecraft - Topic","29300000","0","","Unknown","","","https://www.youtube.com/channel/UCQvWX73GQygcwXOTSf_VDVg","https://yt3.ggpht.com/4ZD3HoTnJjKwn9HvPGC0wmFMFrOwhFSCqP8pqJPOBQe_L27c_YeQHupSp98uFY841DSUKCgvYXM=s800-c-k-c0x00ffffff-no-rj"
"384","UCNQAoLEv87L7NgUp4We3HIg","CRAZY GREAPA","29200000","33353941526","US","United States","Entertainment","Movies / Entertainment / Humor","https://www.youtube.com/channel/UCNQAoLEv87L7NgUp4We3HIg","https://yt3.ggpht.com/ytc/AIdro_nrSMu7uOrLGJFdRXb4A5nLEKTGSH6UZji5OqQK12k=s800-c-k-c0x00ffffff-no-rj"
"385","UC0NkSnlCOhoODbykzZwpiDw","albert_cancook","29200000","28461697329","US","United States","Lifestyle","Food / Lifestyle","https://www.youtube.com/channel/UC0NkSnlCOhoODbykzZwpiDw","https://yt3.ggpht.com/_MoSKPOsCnW10PuJN7htONrLTrem_KpmTn32jqXKrWLX7_uvIOE7r_N2Zut62qH8f35W7gHz=s800-c-k-c0x00ffffff-no-rj"
"386","UCFdmd1JSZVHF2nCpudLfQDA","Tappu Honey Parmar","29200000","17366749300","IN","India","Music / Entertainment / Lifestyle","Lifestyle / Music of Asia / Entertainment / Performing arts / Music","https://www.youtube.com/channel/UCFdmd1JSZVHF2nCpudLfQDA","https://yt3.ggpht.com/N2BpwWHbHJHC2tAuXqEFmRpRQQb2-a8bqPzLC3A8tuOUih07a6sNlgw1kSxprorx9zIubNNCIQ=s800-c-k-c0x00ffffff-no-rj"
"387","UCzXpAx4v6rFLYXkJZ5nmSvQ","LIV Crime","29200000","15961009689","IN","India","Entertainment","Entertainment / TV shows / Movies","https://www.youtube.com/channel/UCzXpAx4v6rFLYXkJZ5nmSvQ","https://yt3.ggpht.com/ze1wpPg7QE9SbXz1ZbpM7-vYhcnaoUj7DxbfnG0JraS4JsuGZS6O4OgnEavN5E2p3T53BPO11Q=s800-c-k-c0x00ffffff-no-rj"
"388","UCS5Oz6CHmeoF7vSad0qqXfw","DanTDM","29100000","20444406683","GB","United Kingdom","Gaming","Action game / Role-playing video game / Gaming / Action-adventure game","https://www.youtube.com/channel/UCS5Oz6CHmeoF7vSad0qqXfw","https://yt3.ggpht.com/1IPv4TRdl3RaT1HEsqdvjzqA0OvBHbVxZFt2U5QZHKDgbEGosdazeBqyJH9ZU5rhs9kfC8dGXRc=s800-c-k-c0x00ffffff-no-rj"
"389","UC0ebPa2q1rwZVN7dYemunUQ","Valentina Pontes ofc","29100000","13529483959","BR","Brazil","Entertainment / Lifestyle","Lifestyle / Entertainment","https://www.youtube.com/channel/UC0ebPa2q1rwZVN7dYemunUQ","https://yt3.ggpht.com/pkKKLpfcl69y7GSvQjB6phO0CpnGGBpKIs2JYQyjTDvB3bdo6Zk7XNTbDEEGwhDDbgAgWZkI=s800-c-k-c0x00ffffff-no-rj"
"390","UCyQqzYXQBUWgBTn4pw_fFSQ","AuronPlay","29100000","4363812669","ES","Spain","Entertainment","Entertainment / Movies","https://www.youtube.com/channel/UCyQqzYXQBUWgBTn4pw_fFSQ","https://yt3.ggpht.com/ytc/AIdro_lljBGI3xOX1fdpnsc8gyJ-_gknOUuIAc3rjLflsfDLONQ=s800-c-k-c0x00ffffff-no-rj"
"391","UCeLHszkByNZtPKcaVXOCOQQ","Post Malone","29000000","21072843687","US","United States","Music","Pop music / Music / Country music / Rock music","https://www.youtube.com/channel/UCeLHszkByNZtPKcaVXOCOQQ","https://yt3.ggpht.com/hhANGxHetD6zrJJYLW230Ke7f_lDITYy5-RMgabX66S9Jc7WOaobXKEGHrld5Hzzqku6X9cqBtQ=s800-c-k-c0x00ffffff-no-rj"
"392","UCoIPNS4wYsQV4_XV2wSaxyw","طارق الحلبي tarik alhalapi","28900000","24262982283","TR","Türkiye","Entertainment / Lifestyle","Entertainment / Lifestyle","https://www.youtube.com/channel/UCoIPNS4wYsQV4_XV2wSaxyw","https://yt3.ggpht.com/mzfDa4El8szoCU6ZkuaBoecrAbIQkpFeqLgSQ3lEoD9CDPv3jxTvOehtsMKhWyjS94mSxs-sSlk=s800-c-k-c0x00ffffff-no-rj"
"393","UCxHoBXkY88Tb8z1Ssj6CWsQ","SOMOY TV","28900000","21233385752","US","United States","Society / Knowledge","Knowledge / Society / Politics","https://www.youtube.com/channel/UCxHoBXkY88Tb8z1Ssj6CWsQ","https://yt3.ggpht.com/HIVp56M09fDcVPKGpRXkl47xJcG7JGV5Mwn8E_7TlwmPgjgg1MQ7t_oxiy4xkmgo5fmWxilY3yU=s800-c-k-c0x00ffffff-no-rj"
"394","UC5v3gjCQLFeg8eBXO7ShdpQ","BabyBus - Cerita & Lagu Anak-anak","28800000","22039155144","ID","Indonesia","Entertainment","Movies / Entertainment","https://www.youtube.com/channel/UC5v3gjCQLFeg8eBXO7ShdpQ","https://yt3.ggpht.com/ytc/AIdro_kK24JX_Fmc815lY1xUh-66NkQDXqtKls8TQCo0VZ1FszY=s800-c-k-c0x00ffffff-no-rj"
"395","UCkKDpnzIG29MA--Sh6oOtWg","Busy Fun Ltd","28800000","12840264331","IN","India","Entertainment","Humor / Movies / Entertainment","https://www.youtube.com/channel/UCkKDpnzIG29MA--Sh6oOtWg","https://yt3.ggpht.com/ytc/AIdro_mC8zY6OoGNCS3YNekdNDUY82gMlVVHM5-5GThEUA47Ai0=s800-c-k-c0x00ffffff-no-rj"
"396","UCYydV0b9GawikL_L5b2yt-Q","benja calero","28800000","12442964721","AR","Argentina","Entertainment / Lifestyle","Entertainment / Lifestyle / Movies","https://www.youtube.com/channel/UCYydV0b9GawikL_L5b2yt-Q","https://yt3.ggpht.com/seZhJfrdVcXnqXn7dTve1ZoAAnxpW9vPGSWl8IR0OjSNEw_uR1y0cu8prxyuVPy3HsadO-jw=s800-c-k-c0x00ffffff-no-rj"
"397","UCvrhwpnp2DHYQ1CbXby9ypQ","Vijay Television","28700000","61353981888","IN","India","Entertainment","Movies / Entertainment / TV shows","https://www.youtube.com/channel/UCvrhwpnp2DHYQ1CbXby9ypQ","https://yt3.ggpht.com/51CujRpGuudc87gHFhhpRD-tSGPzO0oqAMaDovDZoj-nEgl5lQca5_lC7u62Pn_fTIc2pfIA6UU=s800-c-k-c0x00ffffff-no-rj"
"398","UCDPM_n1atn2ijUwHd0NNRQw","Coldplay","28600000","23719053933","GB","United Kingdom","Music / Entertainment","Electronic music / Pop music / Music / Independent music / Movies","https://www.youtube.com/channel/UCDPM_n1atn2ijUwHd0NNRQw","https://yt3.ggpht.com/vWWn3HO1emNl2iGb08UuY4q_OtqXwUUWJMjMDr6bBPpuCBoWg-dE_Gu-yoMQNrBqb2gMzA3wLQ=s800-c-k-c0x00ffffff-no-rj"
"399","UC3I1iohrGzxep0p8r1Osw3w","Like Nastya AE","28600000","15227363736","US","United States","Entertainment / Lifestyle","Entertainment / Lifestyle / TV shows","https://www.youtube.com/channel/UC3I1iohrGzxep0p8r1Osw3w","https://yt3.ggpht.com/qvwBIzitMWciZTsjC9JIVODBUwfautHHQVLxyBLeetTGPMGuyw1Mqn9fhAqcILxqamUbmWey_MA=s800-c-k-c0x00ffffff-no-rj"
"400","UCvz84_Q0BbvZThy75mbd-Dg","Zack D. Films","28500000","77041804915","","Unknown","Entertainment / Lifestyle","Lifestyle / Entertainment","https://www.youtube.com/channel/UCvz84_Q0BbvZThy75mbd-Dg","https://yt3.ggpht.com/BmuAho1g50N6CbZc-OP3ievIbXopecRp5xxYwUWEEPNpVaa0afIZn8UoQCYxQQpEDQ5LabHDgg=s800-c-k-c0x00ffffff-no-rj"
"401","UCj5RwDivLksanrNvkW0FB4w","GMA Public Affairs","28500000","20633945223","PH","Philippines","Entertainment / Society","TV shows / Society / Entertainment","https://www.youtube.com/channel/UCj5RwDivLksanrNvkW0FB4w","https://yt3.ggpht.com/MUi2IwBoa_6alrpxo7K17q_4ED4Axuoj0r-bfs3Bya4iYiCpLejTi5Q3Dd72U5h5aTWfRSHQiiM=s800-c-k-c0x00ffffff-no-rj"
"402","UCoHeIbwuvZ4qIt6lJ-msU1A","BigChungus","28500000","5513751726","AR","Argentina","Lifestyle","Lifestyle","https://www.youtube.com/channel/UCoHeIbwuvZ4qIt6lJ-msU1A","https://yt3.ggpht.com/rc3eNZePE8ElcQkPE7JVE94hXnwt39jtMWJdbz39fpBLyDYSGV9pCK3agTLV1fae6yGXyMR8GA=s800-c-k-c0x00ffffff-no-rj"
"403","UCP9MW9ATjUwwulqEYTbp-Mw","Vlad and Niki Arabic","28400000","14001522003","US","United States","Entertainment / Lifestyle","TV shows / Hobby / Entertainment / Lifestyle","https://www.youtube.com/channel/UCP9MW9ATjUwwulqEYTbp-Mw","https://yt3.ggpht.com/ytc/AIdro_mM4or0BgmCk6uIq6yM5-8jTPsjdq_GXPIW98qTQ4BeZV0=s800-c-k-c0x00ffffff-no-rj"
"404","UC3jOd7GUMhpgJRBhiLzuLsg","Nicki Minaj","28400000","12957679432","US","United States","Music","Electronic music / Pop music / Hip hop music / Music / Rhythm and blues","https://www.youtube.com/channel/UC3jOd7GUMhpgJRBhiLzuLsg","https://yt3.ggpht.com/50YeejQslEmP9_pNJHm3SGYRHRuVMuGafgsyrm2AjRNOE8P0bcIsDMA371xebxsd2zMQedm0TA=s800-c-k-c0x00ffffff-no-rj"
"405","UCNcdbMyA59zE-Vk668bKWOg","Disney Jr. ","28300000","34016069998","US","United States","Entertainment","Movies / Entertainment / TV shows","https://www.youtube.com/channel/UCNcdbMyA59zE-Vk668bKWOg","https://yt3.ggpht.com/ycmH6u_8GXdVOSwL8K8D0QSLxzoJvd6yiRORWT0QYosXdtBBOkqQdXTR4DS6kDHd-U49Z3dcpHY=s800-c-k-c0x00ffffff-no-rj"
"406","UCBqFKDipsnzvJdt6UT0lMIg","Sandeep Maheshwari","28300000","2495574181","IN","India","Lifestyle / Society / Knowledge","Lifestyle / Society / Knowledge","https://www.youtube.com/channel/UCBqFKDipsnzvJdt6UT0lMIg","https://yt3.ggpht.com/5Egj8H7GT92E1dQZYhQuFvzInqR1iPo2YuXwJDcdO-qjRKuDNKuzjrQ7sxmjIP31j3Io0m6mATw=s800-c-k-c0x00ffffff-no-rj"
"407","UCdrBnBNLsN4_cH32HWbr9qg","GH'S","28200000","29960368493","KR","South Korea","Gaming","Action game / Gaming","https://www.youtube.com/channel/UCdrBnBNLsN4_cH32HWbr9qg","https://yt3.ggpht.com/EIgEVfLNXj7LHM98mXOoG0mBE_7nsL6Pf9wjfiofqF5Un9akWxLbTIRZtasy3jd_WcaJmQxk=s800-c-k-c0x00ffffff-no-rj"
"408","UCv-yge5mA1i9P3ahJaOBWcQ","Kajal Soni","28100000","20118276039","","Unknown","Entertainment / Lifestyle","Movies / Entertainment / Lifestyle","https://www.youtube.com/channel/UCv-yge5mA1i9P3ahJaOBWcQ","https://yt3.ggpht.com/_L-6vDFXtv_GjdFy0xt7i8gtTs0B5t3bwElViz4HuY6ZTl6PPC94Nae2d8I4nvwlrJBLfINpTg=s800-c-k-c0x00ffffff-no-rj"
"409","UCJ0uqCI0Vqr2Rrt1HseGirg","The Late Late Show with James Corden","28100000","6391997264","","Unknown","Entertainment","Humor / Movies / Entertainment / TV shows","https://www.youtube.com/channel/UCJ0uqCI0Vqr2Rrt1HseGirg","https://yt3.ggpht.com/ytc/AIdro_m9vIaaeucAbNzjVv31EWyUB0eO1EvwU9lhpXNcTxkb3kw=s800-c-k-c0x00ffffff-no-rj"
"410","UCTAacyv5T4cSus1W4D6eBfA","Koray Zeynep","28000000","34898225062","US","United States","Lifestyle","Lifestyle","https://www.youtube.com/channel/UCTAacyv5T4cSus1W4D6eBfA","https://yt3.ggpht.com/B--ECf4xOfxnDRzZhlW3jdLVCz6AJyUqAFD05xA6iI45RtCkp049r9GtgIMQeo8mKTG44h2TXA=s800-c-k-c0x00ffffff-no-rj"
"411","UC1l7wYrva1qCH-wgqcHaaRg","David Guetta","27900000","23835608748","US","United States","Music","Electronic music / Music / Pop music","https://www.youtube.com/channel/UC1l7wYrva1qCH-wgqcHaaRg","https://yt3.ggpht.com/ytc/AIdro_nVKPoGkfw44ICB715GPlzNDsmqZdlwewB1QGa9K4vD94o=s800-c-k-c0x00ffffff-no-rj"
"412","UCfIpFdLEnTfkXjcwsiO4dAA","Vijay Kumar Viner Vlogs","27900000","21155373753","IN","India","Entertainment / Lifestyle","Movies / Entertainment / Lifestyle","https://www.youtube.com/channel/UCfIpFdLEnTfkXjcwsiO4dAA","https://yt3.ggpht.com/ytc/AIdro_nqevS46yDmr5zBHDyrmRV5Z9WdXKnEYNpH-tf7Q6-M9yw=s800-c-k-c0x00ffffff-no-rj"
"413","UC24_Z2L-8Ki183AI9zJJzNQ","TRANS7 OFFICIAL","27900000","16657905251","ID","Indonesia","Entertainment / Lifestyle","Entertainment / Food / Lifestyle / TV shows","https://www.youtube.com/channel/UC24_Z2L-8Ki183AI9zJJzNQ","https://yt3.ggpht.com/MbDSewR1DQyjJIpwxo3whHPQf-0Meeqd70vS363X2G0nuLyNpKTjdnUoPcoFjOATg7-xaxw0Kg=s800-c-k-c0x00ffffff-no-rj"
"414","UCAuUUnT6oDeKwE6v1NGQxug","TED","27800000","3239406199","US","United States","Society / Knowledge","Society / Knowledge","https://www.youtube.com/channel/UCAuUUnT6oDeKwE6v1NGQxug","https://yt3.ggpht.com/ytc/AIdro_koIFcCOrvh0KThLNOiazAIDu6hcs8bjkGNwe1f6A_OYm8=s800-c-k-c0x00ffffff-no-rj"
"415","UCuiyUjYZyG24sgzBG0P6WsQ","Linh Nhi Shorts","27700000","36558407052","VN","Vietnam","Lifestyle","Lifestyle","https://www.youtube.com/channel/UCuiyUjYZyG24sgzBG0P6WsQ","https://yt3.ggpht.com/pHispikVwgCBn8NZVBbHv7lq5Hk3d_eu9ukTcTWZ_hCgD9W4c0OEWGdt17rM3ZT9lQWZg0gBfpA=s800-c-k-c0x00ffffff-no-rj"
"416","UC-yXuc1__OzjwpsJPlxYUCQ","WORLDSTARHIPHOP","27700000","22668986249","US","United States","Music","Music / Hip hop music / Pop music","https://www.youtube.com/channel/UC-yXuc1__OzjwpsJPlxYUCQ","https://yt3.ggpht.com/ytc/AIdro_mloRM0bI1pn66R7WBMhq99FWJJ1VhADmRHh-c4GNlZaIg=s800-c-k-c0x00ffffff-no-rj"
"417","UC_hK9fOxyy_TM8FJGXIyG8Q","Dhar Mann Studios","27700000","20476872999","US","United States","Entertainment","TV shows / Entertainment / Movies","https://www.youtube.com/channel/UC_hK9fOxyy_TM8FJGXIyG8Q","https://yt3.ggpht.com/osxs7UlkTYpb0Ug57x02xu87r5jRTLh8q7LIsBEPJaqoplqfHSdSN3xi86AEetbJBvXFO1qonQ=s800-c-k-c0x00ffffff-no-rj"
"418","UCpO_iMOOEhShBMxcXgJs7Yw","Pawan Sahu","27700000","14061208378","IN","India","Lifestyle","Lifestyle","https://www.youtube.com/channel/UCpO_iMOOEhShBMxcXgJs7Yw","https://yt3.ggpht.com/ytc/AIdro_nWLOovxKqMxwtmVRawk1Vi8pmdxpIj-wBqlMsrNMgsVss=s800-c-k-c0x00ffffff-no-rj"
"419","UCjBwQ6M9QyCgO5Pp-TQRFUA","RKD Studios","27700000","8005366108","IN","India","Entertainment","Entertainment / Movies","https://www.youtube.com/channel/UCjBwQ6M9QyCgO5Pp-TQRFUA","https://yt3.ggpht.com/bLZm9gFm6AGL0UvNY1J2FCvcTx_4VJwWhQkPEdmFNa4mf8hhE-PYntIogt2A1vvXoaYxPhhwvQ=s800-c-k-c0x00ffffff-no-rj"
"420","UCpcsv3Ow-8IhoUGDEfPetsQ","Venus Movies","27700000","6291147289","IN","India","Entertainment","Movies / Entertainment","https://www.youtube.com/channel/UCpcsv3Ow-8IhoUGDEfPetsQ","https://yt3.ggpht.com/EkTQLlTdQo0EAQk43z_DKiPtNIEURdAH8TDCSUwTM1ndcuJ7iaq7zf3yuxuizEKV3taSe-cfHA=s800-c-k-c0x00ffffff-no-rj"
"421","UCW-V3lJDUSz_AccP6rPRUtA","Sejal Gaba","27600000","29756609658","IN","India","Entertainment","Movies / Entertainment","https://www.youtube.com/channel/UCW-V3lJDUSz_AccP6rPRUtA","https://yt3.ggpht.com/33Xy9fZVXrQ-VLiXvnphaxtUbXum5v1SLbakIIHB8e43k5qQ0zfPVBqcVhWNXA0qpZvmCxfe3w=s800-c-k-c0x00ffffff-no-rj"
"422","UCKyU-wd-KY4PMOcOpPQgQcw","Tlnovelas","27600000","25095913626","MX","Mexico","Entertainment","TV shows / Entertainment / Movies","https://www.youtube.com/channel/UCKyU-wd-KY4PMOcOpPQgQcw","https://yt3.ggpht.com/vSdFaqiU29F7hsmyfYnIGnJsjGJMWIknEwZhU_uRewDt4gANfmgO7tshMVnEUlPq2q4pcstZmUU=s800-c-k-c0x00ffffff-no-rj"
"423","UClR74BSOFXxMOKtuaaPu91Q","Younes Zarou","27600000","24205374605","DE","Germany","Entertainment / Lifestyle","Entertainment / Lifestyle","https://www.youtube.com/channel/UClR74BSOFXxMOKtuaaPu91Q","https://yt3.ggpht.com/ytc/AIdro_m3oBwsRxPCvssAGpFJCAmLzD-SWlLd2PYXs_o4CGma_Vg=s800-c-k-c0x00ffffff-no-rj"
"424","UCwfEOn0O1DWcyTgzVVu28ig","Marília Mendonça","27600000","21256984858","BR","Brazil","Music","Pop music / Music / Music of Latin America","https://www.youtube.com/channel/UCwfEOn0O1DWcyTgzVVu28ig","https://yt3.ggpht.com/aDkvN_VbnUmHXLfDjWAImkusedp1ko2v14DmdGYdkHQBLysYv26FzzxKA25n6YWWusNhpUKtBg=s800-c-k-c0x00ffffff-no-rj"
"425","UCNhqvQMXIgRfjAGmxQqdNRw","Rotana","27500000","32653851087","SA","Saudi Arabia","Music","Music of Asia / Music","https://www.youtube.com/channel/UCNhqvQMXIgRfjAGmxQqdNRw","https://yt3.ggpht.com/tenmQmqes1QcQD-3netqjBZRVfxeEa02KoupLA9WGJA3O7NbABChwkl5FIAfVJc31Eer8BMN=s800-c-k-c0x00ffffff-no-rj"
"426","UC5PYHgAzJ1wLEidB58SK6Xw","Blippi - Educational Videos for Kids","27500000","24565198960","US","United States","Entertainment / Lifestyle","Lifestyle / Entertainment / TV shows / Hobby","https://www.youtube.com/channel/UC5PYHgAzJ1wLEidB58SK6Xw","https://yt3.ggpht.com/5RLphM956w5pfV843mKs401NNeshKiq70_KBwHdLVAhdTl323Q_qc1fxZcvyilx7pL_Rij3V=s800-c-k-c0x00ffffff-no-rj"
"427","UCuzS3rPQAYqHcLWqOFuY0pw","News 24","27500000","21454355390","IN","India","Society","Society / Politics","https://www.youtube.com/channel/UCuzS3rPQAYqHcLWqOFuY0pw","https://yt3.ggpht.com/ktfysjWVQCrBMIO2oQBBR58CAotdLThOhkevLiO7c_qAyVO2kap5LheweBUQt2JIMvC-iKTer0k=s800-c-k-c0x00ffffff-no-rj"
"428","UCKqx9r4mrFglauNBJc1L_eg","ToyPuddingTV","27500000","16864598096","KR","South Korea","Lifestyle","Lifestyle / Hobby","https://www.youtube.com/channel/UCKqx9r4mrFglauNBJc1L_eg","https://yt3.ggpht.com/WwL0MoSxSNdowQuelCyjEbYgKIHmEzzfTzsRlW3sGGb5orRtneREgfd7PtVqdwGZIxw8IBe_LfA=s800-c-k-c0x00ffffff-no-rj"
"429","UCYzEMRKqrh01-tauv7MYyVQ","MSA","27500000","13542683237","US","United States","Entertainment","Movies / Entertainment","https://www.youtube.com/channel/UCYzEMRKqrh01-tauv7MYyVQ","https://yt3.ggpht.com/KsZapiJQrDwoR-jdfFfPx37_WPDP3T03P_FfNc9pJSKTWEHv6b1SA6WGPYx9whoS0LGCXjv8xQ=s800-c-k-c0x00ffffff-no-rj"
"430","UC14UlmYlSNiQCBe9Eookf_A","FC Barcelona","27500000","8493415144","","Unknown","Sports","Football / Sports","https://www.youtube.com/channel/UC14UlmYlSNiQCBe9Eookf_A","https://yt3.ggpht.com/VSF2IAor9vW26u6CPjonmYcWDza2QJ-SIlyY0dRYDsx8Hb5NYOdyNkdbFPGGu655gogslupmJA=s800-c-k-c0x00ffffff-no-rj"
"431","UCCrw5RBWF9i8VPt4IxL8IsQ","Goldmines Cineplex","27500000","3249614387","IN","India","Entertainment","Movies / Entertainment","https://www.youtube.com/channel/UCCrw5RBWF9i8VPt4IxL8IsQ","https://yt3.ggpht.com/DqgL6qC8xNjhXQSWC-daBGxU9TVycK7MpgH7kq7py04rGfH10qE3OrKMSUaODLOxa9OHs1vo=s800-c-k-c0x00ffffff-no-rj"
"432","UCs8qka8tfhdc69wzXYdtZ3A","LosPolinesios","27400000","9065604831","","Unknown","Lifestyle","Technology / Lifestyle","https://www.youtube.com/channel/UCs8qka8tfhdc69wzXYdtZ3A","https://yt3.ggpht.com/ytc/AIdro_knH2FKDUW086Gr3mqPlWMnBqvKQPRqz0mXyg07k9xdrqs=s800-c-k-c0x00ffffff-no-rj"
"433","UC76Yc75RGWonijH02CIhPaw","Goldmines Great Indian Comedy","27400000","6864934195","","Unknown","Entertainment","Entertainment / Movies","https://www.youtube.com/channel/UC76Yc75RGWonijH02CIhPaw","https://yt3.ggpht.com/uNGGXZPFHdMNSybR4s0VS-04FkXfpcfy61ItH2304lNcI4lGDzo9rozOjXQQn_-oEkDm0GLkAg=s800-c-k-c0x00ffffff-no-rj"
"434","UCOutOIcn_oho8pyVN3Ng-Pg","TV9 Bharatvarsh","27300000","23742369051","IN","India","Society","Politics / Society","https://www.youtube.com/channel/UCOutOIcn_oho8pyVN3Ng-Pg","https://yt3.ggpht.com/F57JVOMEllFYGTb4-JrupgCdIXyET4r5JbWOcDdyDd8K4HUxadP_fgwqRshQj32Ifjso_8gnqVA=s800-c-k-c0x00ffffff-no-rj"
"435","UCYLlkv4hivYJlOk6Lo-RHNQ","Wave Music Bhojpuri","27200000","16258835391","IN","India","Music","Music of Asia / Music","https://www.youtube.com/channel/UCYLlkv4hivYJlOk6Lo-RHNQ","https://yt3.ggpht.com/CErmc7avpi7052Bq_CPYiG6jOlrqbckV-eF7J6HHakH0a9JIiJUV1Km-fo0cR9iR0U9YZ2F2rG0=s800-c-k-c0x00ffffff-no-rj"
"436","UCR5wZcXtOUka8jTA57flzMg","netd müzik","27100000","49821742631","TR","Türkiye","Music","Music / Pop music","https://www.youtube.com/channel/UCR5wZcXtOUka8jTA57flzMg","https://yt3.ggpht.com/RbxUCU-vLXu2DrPKbDd7QeuVMDwi9Kd7Vi9QZnPKW1KNjNPNVXqayAHFjSN_x20a7i9XFH9ORQ=s800-c-k-c0x00ffffff-no-rj"
"437","UCUaZwCnn6Z-16BmkKngSs0g","Tayo Bus Kecil - Tayo Bahasa Indonesia","27100000","21228914848","ID","Indonesia","Entertainment","TV shows / Movies / Entertainment","https://www.youtube.com/channel/UCUaZwCnn6Z-16BmkKngSs0g","https://yt3.ggpht.com/zhfvlm4gi0WYai5kkJKlw48EENM0ViNOcyt_DqAQyVGg-8_BnDwrcGiEAV9Vvbw4sPaX-eI78ig=s800-c-k-c0x00ffffff-no-rj"
"438","UCtyr6UXUdZJJHuWGKzoiLfg","Like Nastya PRT","27100000","16400349720","","Unknown","Lifestyle","Hobby / Lifestyle","https://www.youtube.com/channel/UCtyr6UXUdZJJHuWGKzoiLfg","https://yt3.ggpht.com/ES59K9i2kUj1D_iywKhiQC2VtFNVi69b6pKXEKM3AcFo_gWxd_blTrhc5fb0p72kgJjrX4mmag=s800-c-k-c0x00ffffff-no-rj"
"439","UC2xBh2nwvOwBqnA1tEbPCZw","Pink Shirt Girl","27100000","15301910592","US","United States","Entertainment / Lifestyle","Entertainment / Lifestyle","https://www.youtube.com/channel/UC2xBh2nwvOwBqnA1tEbPCZw","https://yt3.ggpht.com/sUb4_OuVdEpZW2iPyQcL12O5FRwLDt6Y3X15MPGi28lLpFLGbv-PFu56d8c_A245cl0PNnu0DQ=s800-c-k-c0x00ffffff-no-rj"
"440","UCCyKsYaRi62axS-kasXW7wA","Wow Kidz Action","27100000","13546595398","IN","India","Entertainment","Entertainment / Movies / TV shows","https://www.youtube.com/channel/UCCyKsYaRi62axS-kasXW7wA","https://yt3.ggpht.com/igQ2LFlthqVvp0cNCb9t2MBm4m9r4fxvmzF9umYZyQEpb_LoSw5hsOtGsAIuHRGdz_EHFJgC8w=s800-c-k-c0x00ffffff-no-rj"
"441","UChCBHudFoBnsF0O1flPXqiQ","Nick Pro","27100000","12115201627","CA","Canada","Entertainment / Lifestyle","Entertainment / Lifestyle / Hobby","https://www.youtube.com/channel/UChCBHudFoBnsF0O1flPXqiQ","https://yt3.ggpht.com/DouCUVfjuscIkuSk6KaJyY4cEjPZD2FB9bc5eMG0jsTiK6G1EBcvCWU4TycFgEBKix7UwS4eT14=s800-c-k-c0x00ffffff-no-rj"
"442","UCY30JRSgfhYXA6i6xX1erWg","Smosh","27100000","11445073289","US","United States","Entertainment","Entertainment / Movies","https://www.youtube.com/channel/UCY30JRSgfhYXA6i6xX1erWg","https://yt3.ggpht.com/7WiYNRhekvu81d3UeA1LUmuUmpkienqw-Kfsh7tvCEqWARB6ozpqs4XhZ5w-RdPGcaopLK7KYw=s800-c-k-c0x00ffffff-no-rj"
"443","UC50vBAtklUoJF1Wx5q0pmuw","Maya and Mary","27100000","9869159390","US","United States","Entertainment / Lifestyle","Lifestyle / Entertainment / Hobby","https://www.youtube.com/channel/UC50vBAtklUoJF1Wx5q0pmuw","https://yt3.ggpht.com/ytc/AIdro_n6NcdE0x2_CmS9k9XoD4XBl-yBuyP5oYJ-N7upqwTT8_8=s800-c-k-c0x00ffffff-no-rj"
"444","UCBBZ7No0AzEJ3qiatjSa-mg","SMOL","27000000","0","US","United States","Entertainment / Lifestyle","Lifestyle / Entertainment / Hobby","https://www.youtube.com/channel/UCBBZ7No0AzEJ3qiatjSa-mg","https://yt3.ggpht.com/QSq4dqpufwELLxjadoLE8CghxJ12tfu4vGUM8t2YiwztzAyYtPvSKN59nH_lEd02vPQfnQ3L2Q=s800-c-k-c0x00ffffff-no-rj"
"445","UCqOwcxgDCjnHNgMt9A3Ua8w","Diana Belitskay","26900000","28704428253","US","United States","Entertainment / Lifestyle","Lifestyle / Entertainment","https://www.youtube.com/channel/UCqOwcxgDCjnHNgMt9A3Ua8w","https://yt3.ggpht.com/LuISwINk46heUDL0p6IF8Q5WYELSB8Wh7r41TKoiLHzB0fH7n7G3NO-olf1LODPnaGuDMsHUAJA=s800-c-k-c0x00ffffff-no-rj"
"446","UCpWaR3gNAQGsX48cIlQC0qw","Tibo InShape","26900000","21762850714","FR","France","Lifestyle / Society","Fitness / Lifestyle / Health","https://www.youtube.com/channel/UCpWaR3gNAQGsX48cIlQC0qw","https://yt3.ggpht.com/MXKYsX4ryzhIwTLMwBUvx6eoWMcaF-gsHO_PLidZMEKyFj-eKyg9u0IykU8uh7ejCAS9omOlyP8=s800-c-k-c0x00ffffff-no-rj"
"447","UCvA9_f5Lwk-poMynabtrZPg","Rans Entertainment","26800000","7290120893","ID","Indonesia","Sports / Lifestyle","Sports / Lifestyle / Football","https://www.youtube.com/channel/UCvA9_f5Lwk-poMynabtrZPg","https://yt3.ggpht.com/RtadZVjcedbaSxNLkIeVXs4YY2jtmwM2P-4KqJKhTPsya3KptqnGfhiyMsBCz3BVqZk-QvkSAuY=s800-c-k-c0x00ffffff-no-rj"
"448","UCfLuT3JwLx8rvHjHfTymekw","Triggered Insaan","26800000","5310648119","IN","India","Entertainment / Lifestyle","Movies / Entertainment / Lifestyle","https://www.youtube.com/channel/UCfLuT3JwLx8rvHjHfTymekw","https://yt3.ggpht.com/ytc/AIdro_kcOOmIW7xVRIyEyDfZNLz2N2QF4h2shl3NL04oS365WvA=s800-c-k-c0x00ffffff-no-rj"
"449","UCNAhW2oJvy_FUU082pEDspA","MrBeast en Español","26800000","3391717087","MX","Mexico","Entertainment / Lifestyle","Movies / Lifestyle / Entertainment","https://www.youtube.com/channel/UCNAhW2oJvy_FUU082pEDspA","https://yt3.ggpht.com/eU-R7hwxC2el2-WLNUyiMKqxkcKrc6pYJ2QzUN2SkXTwL1Yod-lE-q5jQVk1LH9vbT687sRh1IE=s800-c-k-c0x00ffffff-no-rj"
"450","UCT6zcE-d5Rlc2xto-1lNjgA","Diary of 4","26700000","76276699377","CA","Canada","Lifestyle","Lifestyle","https://www.youtube.com/channel/UCT6zcE-d5Rlc2xto-1lNjgA","https://yt3.ggpht.com/3GsbKTm9mFLLhzh3E7sMIvUupOv-O2xdr7iXC6pSoQKp9XGw3SGGGxapCBBkd2ZDievBR7LG3g=s800-c-k-c0x00ffffff-no-rj"
"451","UC9CYT9gSNLevX5ey2_6CK0Q","NDTV India","26700000","32729139753","IN","India","Entertainment / Society","Entertainment / Politics / Society / TV shows","https://www.youtube.com/channel/UC9CYT9gSNLevX5ey2_6CK0Q","https://yt3.ggpht.com/95hhgeU4bzgeSppmif-8A8jveJThMdHMwpx04an-TGYounr7CaViWIOqL4zbT4F0a_Si2bqH=s800-c-k-c0x00ffffff-no-rj"
"452","UCOQNJjhXwvAScuELTT_i7cQ","Sony LIV","26700000","18101468912","IN","India","Sports / Entertainment","Cricket / TV shows / Entertainment / Movies / Sports","https://www.youtube.com/channel/UCOQNJjhXwvAScuELTT_i7cQ","https://yt3.ggpht.com/DpGHd6R0i3jgWquotYXpOsVPALAuWD9e_U7fohnMy4Vo3EANA-2v0YKtaMMgRa_OZ1nemOib=s800-c-k-c0x00ffffff-no-rj"
"453","UCV2JkEBmtfSYGAIlprAhAyQ","شبكة العاب العرب | Arab Games Network","26700000","11508569306","SA","Saudi Arabia","Gaming","Role-playing video game / Action game / Gaming / Action-adventure game","https://www.youtube.com/channel/UCV2JkEBmtfSYGAIlprAhAyQ","https://yt3.ggpht.com/ytc/AIdro_mid9j0O4gqIjBuoWNK3CG72LRvFpxzoFtEdjhngld91l0=s800-c-k-c0x00ffffff-no-rj"
"454","UCIhJOWBJywuJKeF61CWCrMw","Noman Official","26600000","10169063305","IN","India","Entertainment / Lifestyle / Society","Religion / Society / Entertainment / Lifestyle","https://www.youtube.com/channel/UCIhJOWBJywuJKeF61CWCrMw","https://yt3.ggpht.com/9neTBbdmTILHL0VaOEnq6P2QMz4Wi4tup-Hvryt4BgjdbColOcJ8wD5TjOY89vaolgVcF2LNsA=s800-c-k-c0x00ffffff-no-rj"
"455","UCb06IKdt8yeJDhqUct0z-gQ","ANYA KOVA","26500000","27776654435","US","United States","Entertainment / Lifestyle","Lifestyle / Entertainment","https://www.youtube.com/channel/UCb06IKdt8yeJDhqUct0z-gQ","https://yt3.ggpht.com/ghfxLrGYLQZs8--qLRmTN_ZeMufQY8-z2uHZzVG7SLyb7m8Lsh-W-kAfNKlXsRDguB7NqgbsUQ=s800-c-k-c0x00ffffff-no-rj"
"456","UCpVm7bg6pXKo1Pr6k5kxG9A","National Geographic","26500000","7180134252","US","United States","Entertainment / Lifestyle","Movies / TV shows / Entertainment / Lifestyle","https://www.youtube.com/channel/UCpVm7bg6pXKo1Pr6k5kxG9A","https://yt3.ggpht.com/i9rVmcq-AiZ1yHc7fdn3Yd34JXmCG6ZFwBXkQwxwUXFykvatrR58C9VZLHStf9ud8FlGFyxMloA=s800-c-k-c0x00ffffff-no-rj"
"457","UCqwUrj10mAEsqezcItqvwEw","BB Ki Vines","26500000","5380465381","IN","India","Entertainment","Movies / Entertainment","https://www.youtube.com/channel/UCqwUrj10mAEsqezcItqvwEw","https://yt3.ggpht.com/H2c8y3sN7j3Hslc_eCun0FSJCQcrYl4zPyhsCt1510INBq1h2vFQTMUOtI4HJNkFD07s0pFlCA=s800-c-k-c0x00ffffff-no-rj"
"458","UCR1c65UsjpaVgcLKa7eM1tg","Les' Copaque Production","26400000","17164037262","MY","Malaysia","Entertainment","Movies / Entertainment","https://www.youtube.com/channel/UCR1c65UsjpaVgcLKa7eM1tg","https://yt3.ggpht.com/TMC-x6CuK-Ie4nw81K2igLPZn3X_tnh5pGxDzqX9cPMqtqSdMjeryJEwsIvGkbttfhtIEBBDwA=s800-c-k-c0x00ffffff-no-rj"
"459","UCvYhgH0hXziSz9IyPztzUug","Eva Bravo Play","26400000","14327431002","US","United States","Entertainment / Lifestyle","Entertainment / Lifestyle / Hobby","https://www.youtube.com/channel/UCvYhgH0hXziSz9IyPztzUug","https://yt3.ggpht.com/ytc/AIdro_n_x2t1hs44jgaYhSikVwc0_QLRZVRYrXZ6PCwfQeJdKok=s800-c-k-c0x00ffffff-no-rj"
"460","UCw8ZhLPdQ0u_Y-TLKd61hGA","1MILLION Dance Studio","26400000","8814247154","KR","South Korea","Music / Entertainment / Lifestyle","Music / Performing arts / Pop music / Music of Asia / Lifestyle / Entertainment","https://www.youtube.com/channel/UCw8ZhLPdQ0u_Y-TLKd61hGA","https://yt3.ggpht.com/GIdwcpAh62v63hM78S2RO0dy74qSVHs72kNlluDzSSCTkFUe34XDQSTrpxSKSJDOmgUHdiiGkw=s800-c-k-c0x00ffffff-no-rj"
"461","UC4ZnWHTj1PDWAMWqm-pcouA","Superstar lalli dada","26300000","25541120966","","Unknown","Entertainment / Lifestyle","Lifestyle / Entertainment","https://www.youtube.com/channel/UC4ZnWHTj1PDWAMWqm-pcouA","https://yt3.ggpht.com/XO0xuEhufk-tjLyVV9QZaNMkKLOomWrtRvZRHQXUH2cRgslxkr3OFUOV3uyOeeCv4nVTqt2uZA=s800-c-k-c0x00ffffff-no-rj"
"462","UCd56a0h30H_M-ijkde5GVuA","FatSongsong and ThinErmao","26300000","22236652501","SG","Singapore","Entertainment / Lifestyle","Lifestyle / Humor / Entertainment / Movies / Food","https://www.youtube.com/channel/UCd56a0h30H_M-ijkde5GVuA","https://yt3.ggpht.com/z-GgaWxFaNNdPfhmdFrHUysCxUvzqhHsUJTqH2u4bxfSZsn6yQpkBpCZYaoC8nYB8l2rscN6JA=s800-c-k-c0x00ffffff-no-rj"
"463","UCAJnyTWJPpKXuwgWQDdNWrQ","Netflix Jr.","26300000","19697551321","","Unknown","Entertainment","Movies / Entertainment / TV shows","https://www.youtube.com/channel/UCAJnyTWJPpKXuwgWQDdNWrQ","https://yt3.ggpht.com/wwngc-7lnve847kvoCymKGW0gAt_U_K-iAtPHLY8a7O2xtl9nbC1rJ-c7aLOT0IGJA0DmJgm4Q=s800-c-k-c0x00ffffff-no-rj"
"464","UC9VEW1NhLouw1vbW6p4cACw","deepesh zo","26300000","12484400400","IN","India","Entertainment","Entertainment / Movies","https://www.youtube.com/channel/UC9VEW1NhLouw1vbW6p4cACw","https://yt3.ggpht.com/xIvsp-W_4_LrLvKCmPGsuyE-xGVNJQMiWaPoX44sHE8njDrGQoeUbSYd3PBBSxqkBudvIXeO-dU=s800-c-k-c0x00ffffff-no-rj"
"465","UCvEAgG7WzPZnZkf9iOV_YCg","Kiddiestv Hindi - Nursery Rhymes & Kids Songs","26200000","10383647898","IN","India","Music / Entertainment","Music / Entertainment / Music of Asia / Movies","https://www.youtube.com/channel/UCvEAgG7WzPZnZkf9iOV_YCg","https://yt3.ggpht.com/FIPbaGmx7QyAuMgDYAwCiZYxfTJ1cL9GR_XgH2Rg6KkKnofWXWDLtdbjMyM51CVXcu-Z8VDUQlQ=s800-c-k-c0x00ffffff-no-rj"
"466","UCooVYzDxdwTtGYAkcPmOgOw","Brawl Stars","26200000","5059356105","FI","Finland","Gaming","Gaming / Action game","https://www.youtube.com/channel/UCooVYzDxdwTtGYAkcPmOgOw","https://yt3.ggpht.com/RcqGs5ada_BXZ6yx3el7hE9J5HK5VKmWDA5A4ngHX9TOTuIcvDE1sGTM13paV-2AZixF6dkK=s800-c-k-c0x00ffffff-no-rj"
"467","UCG9gfnA5UDoLvz-tC9B-HKw","GMM GRAMMY OFFICIAL","26100000","32740941838","TH","Thailand","Music","Music of Asia / Music / Pop music","https://www.youtube.com/channel/UCG9gfnA5UDoLvz-tC9B-HKw","https://yt3.ggpht.com/8hqlUyn0kl7qSgTUT6fwF_DMZAGp3JCKCXDOkxDFG1q2CL8Q4ZJNW4lYIzu2KJUmT4Q5k2dF6Q=s800-c-k-c0x00ffffff-no-rj"
"468","UC-6czyMkxDi8E8akPl0c7_w","Enrique Iglesias","26100000","22867084741","","Unknown","Music","Pop music / Music / Music of Latin America / Electronic music","https://www.youtube.com/channel/UC-6czyMkxDi8E8akPl0c7_w","https://yt3.ggpht.com/kYe56za0VurtSHjxdg7tH8SaKQDtRxZdnOGlXp_ijCGMUZHIPQjsR57OGP6Npgj7XK_8UEZTTw8=s800-c-k-c0x00ffffff-no-rj"
"469","UCCgLoMYIyP0U56dEhEL1wXQ","Chloe Ting","26100000","3544896779","US","United States","Lifestyle / Society","Health / Lifestyle / Fitness","https://www.youtube.com/channel/UCCgLoMYIyP0U56dEhEL1wXQ","https://yt3.ggpht.com/ytc/AIdro_n_1ODQx19XQ6G29JytVGt1maDNJEzakv_Lz24UVY60gZE=s800-c-k-c0x00ffffff-no-rj"
"470","UC6D1L2vxEAg_Vi0JSxMBDgA","Dan Rhodes","26000000","19263110341","GB","United Kingdom","Entertainment / Lifestyle","Lifestyle / Entertainment / Performing arts","https://www.youtube.com/channel/UC6D1L2vxEAg_Vi0JSxMBDgA","https://yt3.ggpht.com/Asyu97RhSplBU_I6NxKDgyEfg8h8OYHNpvLvhC9N4ZKQk2klxsWNbIH4f53QbxhDSiqNb0kBqR0=s800-c-k-c0x00ffffff-no-rj"
"471","UCE2NkmhuabUdAo57hIK9Glw","Patricio Razo","26000000","18315928381","MX","Mexico","Entertainment / Lifestyle","Entertainment / Lifestyle / Movies","https://www.youtube.com/channel/UCE2NkmhuabUdAo57hIK9Glw","https://yt3.ggpht.com/S32cyIe3MPJmi7e5MZCMM7K8ele-gZMhzK1_qEo-iLhmXOTbhgkk7LH9Vbrq8L5JTfNxqALeVw=s800-c-k-c0x00ffffff-no-rj"
"472","UCKqH_9mk1waLgBiL2vT5b9g","VanossGaming","26000000","17112147979","US","United States","Gaming","Role-playing video game / Action game / Gaming / Action-adventure game","https://www.youtube.com/channel/UCKqH_9mk1waLgBiL2vT5b9g","https://yt3.ggpht.com/ytc/AIdro_mrzXEes8j0Li9x1M2wO0dif1mW10t_lmgrDcxllRfaJNE=s800-c-k-c0x00ffffff-no-rj"
"473","UC_hSjGOO67A6gIDUcyuv_8A","Infinite","26000000","6604972774","US","United States","Entertainment / Lifestyle","Movies / Entertainment / Lifestyle","https://www.youtube.com/channel/UC_hSjGOO67A6gIDUcyuv_8A","https://yt3.ggpht.com/WUoD-58tAZ4D4UUxUDWWn2efsxH-giuSF33WGBYKEgTxQ2LxleW_x5RCsH4ThqRIA--oVoeOww=s800-c-k-c0x00ffffff-no-rj"
"474","UC3J4Q1grz46bdJ7NJLd4DGw","MiawAug","25900000","8562775707","ID","Indonesia","Gaming","Action-adventure game / Gaming / Action game / Role-playing video game","https://www.youtube.com/channel/UC3J4Q1grz46bdJ7NJLd4DGw","https://yt3.ggpht.com/ytc/AIdro_mSbnFYfbTrCOowzP5KOX4mUH-_Qe4EMixGqcvexpPcnZQ=s800-c-k-c0x00ffffff-no-rj"
"475","UCatL-c6pmnjzEOHSyjn-sHA","Khan GS Research Centre","25900000","2816278597","IN","India","Society / Knowledge","Knowledge / Society","https://www.youtube.com/channel/UCatL-c6pmnjzEOHSyjn-sHA","https://yt3.ggpht.com/ytc/AIdro_nR-5j1ZqaXHq3nhNoapOQvb106wp5uDl0xFOL0ccjqV3o=s800-c-k-c0x00ffffff-no-rj"
"476","UCF5Rp2ghzXsX6vwYqa7aepg","Fabiosa Best Lifehacks","25800000","21322271541","US","United States","Entertainment / Lifestyle","Entertainment / Lifestyle / Pets","https://www.youtube.com/channel/UCF5Rp2ghzXsX6vwYqa7aepg","https://yt3.ggpht.com/g9YIHarU8-wUSH5lnFRNg9e9RBT9EHv21rlP7r10lHwmpALsDzt-jiSkVzBxTUyDBQjK3Hz1hA=s800-c-k-c0x00ffffff-no-rj"
"477","UCaWd5_7JhbQBe4dknZhsHJg","WatchMojo.com","25800000","18101674719","CA","Canada","Entertainment","Movies / Entertainment","https://www.youtube.com/channel/UCaWd5_7JhbQBe4dknZhsHJg","https://yt3.ggpht.com/-XtCegocHf5phWoOGdN3AtAQCM0luW_igu_IEjkFQUmtDytRs1lBL21__Z8r_-1LNLYKdOwKHA=s800-c-k-c0x00ffffff-no-rj"
"478","UCAWuV9ZZ0itI3WR-JHWIUNQ","Infobells Bangla","25800000","16420225371","IN","India","Music / Entertainment","Music of Asia / Entertainment / Movies / Music","https://www.youtube.com/channel/UCAWuV9ZZ0itI3WR-JHWIUNQ","https://yt3.ggpht.com/ytc/AIdro_monwwNxfFHcOkygWKzZV8xVXUwe102NV-tl-UST239MQ=s800-c-k-c0x00ffffff-no-rj"
"479","UCUY6t_N9MyEWu6I0ZXkbtKA","Las Ratitas","25800000","0","ES","Spain","Entertainment / Lifestyle","Entertainment / Lifestyle / Hobby","https://www.youtube.com/channel/UCUY6t_N9MyEWu6I0ZXkbtKA","https://yt3.ggpht.com/ytc/AIdro_k2337rnvSnmpwJekq1lO31_n2MGwvkDNyQQ_S4prOo-g=s800-c-k-c0x00ffffff-no-rj"
"480","UCj-Y3qyis1oyXDtWGYHJU1Q","Ranwa Family","25700000","36193339080","IN","India","Entertainment / Lifestyle","Entertainment / Lifestyle","https://www.youtube.com/channel/UCj-Y3qyis1oyXDtWGYHJU1Q","https://yt3.ggpht.com/p_RLhYpr6kEOUPaAaoRFY1LzYxf1NgAPPz9tKR9dz4eBQmL3OGHYsrp5PJ3qy3iNSJVGNYBW=s800-c-k-c0x00ffffff-no-rj"
"481","UCxJcrDUc8awRSLzLbnIiAmQ","And TV","25700000","25033964490","IN","India","Entertainment","TV shows / Entertainment / Movies","https://www.youtube.com/channel/UCxJcrDUc8awRSLzLbnIiAmQ","https://yt3.ggpht.com/6Hg2El_eMujZPFE550K1xXmX1h7s8QR-ZtylPKLHulf-UBUWmPFWG7SMSl-XNYFtlWlWpeuu=s800-c-k-c0x00ffffff-no-rj"
"482","UCJhSN5ic1QXn1doXzdiiCGQ","हिंदी - Genevieve's Playhouse","25700000","15055345043","","Unknown","Lifestyle","Hobby / Lifestyle","https://www.youtube.com/channel/UCJhSN5ic1QXn1doXzdiiCGQ","https://yt3.ggpht.com/ytc/AIdro_ntdHYnRAw7E557lHxROrZgWvYEDAu8hHyMzXLI-Vui-yY=s800-c-k-c0x00ffffff-no-rj"
"483","UCopY0NAzASqmD6eVaRj2TFQ","Ishtar Punjabi","25700000","14862145482","IN","India","Music","Pop music / Music / Music of Asia","https://www.youtube.com/channel/UCopY0NAzASqmD6eVaRj2TFQ","https://yt3.ggpht.com/AWUDcXS-kaMI6gAtXWIsk7egvY4pASqy65fSF3AZ_210VBZlSQyyOuIObRLXbMMU9J1Nfd1J8Q=s800-c-k-c0x00ffffff-no-rj"
"484","UCGJc3yx2-64H-c3L6kVhxtw","Nasya Official","25700000","13212754508","","Unknown","Entertainment / Lifestyle","Lifestyle / Entertainment / Hobby","https://www.youtube.com/channel/UCGJc3yx2-64H-c3L6kVhxtw","https://yt3.ggpht.com/ytc/AIdro_mgH9ES5Y15F43R0mLV8srptEA5zR1hbsUzHZQ0co7omQ=s800-c-k-c0x00ffffff-no-rj"
"485","UC-cnbLlplnXA4oc7rR21qzg","Lyna","25700000","12212337391","AR","Argentina","Gaming","Role-playing video game / Gaming / Simulation video game / Action-adventure game","https://www.youtube.com/channel/UC-cnbLlplnXA4oc7rR21qzg","https://yt3.ggpht.com/VszMaAU5d9OGLAou2DS3MCJxCqOEuLXgQHdFmz5xIS9au4rVCv5O1AQkE1Z_bG8YxMvhrlVifA=s800-c-k-c0x00ffffff-no-rj"
"486","UCC1RmztYmOIuTGiw_G73fLg","YANA CHIRKINA","25600000","32621861111","GB","United Kingdom","Lifestyle","Lifestyle / Hobby","https://www.youtube.com/channel/UCC1RmztYmOIuTGiw_G73fLg","https://yt3.ggpht.com/7dWHoxVMumycChjqp4CVfGRyWkK6N7BMDkGf8i32mQoEd843Kmn273Lyl-Xh6UDqwniQ4WG9=s800-c-k-c0x00ffffff-no-rj"
"487","UCC-RHF_77zQdKcA75hr5oTQ","FGTeeV","25600000","26218685364","US","United States","Gaming","Role-playing video game / Gaming / Action-adventure game / Action game","https://www.youtube.com/channel/UCC-RHF_77zQdKcA75hr5oTQ","https://yt3.ggpht.com/8lYzEQAP23681vKEG0ahOTlsM6kBwvq8fNDWgNzhq8cYTlPcBVWGZifL6huG9M_3AedplOvpjlQ=s800-c-k-c0x00ffffff-no-rj"
"488","UCcartHVtvAUzfajflyeT_Gg","Miss Katy","25600000","16663774627","GB","United Kingdom","Lifestyle","Food / Lifestyle / Hobby","https://www.youtube.com/channel/UCcartHVtvAUzfajflyeT_Gg","https://yt3.ggpht.com/s9m4SVE1eUmP6-PXA0gCBFf9r4lAqHovnAGWrs1L7My7aEEZPPmIUaszvGbE7bUu0wKU5MVvIQ=s800-c-k-c0x00ffffff-no-rj"
"489","UCsbCH2m8YUT11iqZv18b_PQ","Moosa Tv Info","25600000","16334193092","GB","United Kingdom","Entertainment","Entertainment","https://www.youtube.com/channel/UCsbCH2m8YUT11iqZv18b_PQ","https://yt3.ggpht.com/N3Hi_rT50M_y-SRrWZ5J_BXC1XnypaxfKbFY_KKs_USKPOWhHURRC1goUVieOngv7DhDlL6XJA=s800-c-k-c0x00ffffff-no-rj"
"490","UCsTcErHg8oDvUnTzoqsYeNw","Unbox Therapy","25600000","5239123564","","Unknown","Lifestyle","Lifestyle / Technology","https://www.youtube.com/channel/UCsTcErHg8oDvUnTzoqsYeNw","https://yt3.ggpht.com/ytc/AIdro_mrdFKrYUtuMEqVUWPmtKSzy0weSdlawiMI2VPqP9yq1ks=s800-c-k-c0x00ffffff-no-rj"
"491","UCsXVk37bltHxD1rDPwtNM8Q","Kurzgesagt – In a Nutshell","25600000","3890243152","DE","Germany","Lifestyle / Society / Knowledge","Health / Knowledge / Lifestyle","https://www.youtube.com/channel/UCsXVk37bltHxD1rDPwtNM8Q","https://yt3.ggpht.com/ytc/AIdro_n1Ribd7LwdP_qKtqWL3ZDfIgv9M1d6g78VwpHGXVR2Ir4=s800-c-k-c0x00ffffff-no-rj"
"492","UCEnqwW6f7bYidXHAI13hhMA","Jake Fellman","25500000","17999640030","US","United States","Gaming","Gaming","https://www.youtube.com/channel/UCEnqwW6f7bYidXHAI13hhMA","https://yt3.ggpht.com/ytc/AIdro_lxjmJnoaChGN_jB7RW8TFSKNfrWEILhrnKHN3BQxPrXyE=s800-c-k-c0x00ffffff-no-rj"
"493","UCke6I9N4KfC968-yRcd5YRg","SSundee","25500000","17345628566","US","United States","Gaming","Role-playing video game / Gaming / Action-adventure game / Simulation video game / Action game","https://www.youtube.com/channel/UCke6I9N4KfC968-yRcd5YRg","https://yt3.ggpht.com/ytc/AIdro_m8dGmeU2bqMcUcJqK6j_CNescTudYadR4uWPsL9U62qlQ=s800-c-k-c0x00ffffff-no-rj"
"494","UCJKBSfD5JSUxGhriFeoPCCg","Masha e o Urso","25500000","13758777667","BR","Brazil","Entertainment","Entertainment / Movies / TV shows","https://www.youtube.com/channel/UCJKBSfD5JSUxGhriFeoPCCg","https://yt3.ggpht.com/L5wgx0Lfnupst-UcaGj6DPJhA5cGQRdp8cJYw5WWmHB5IEoHnmnH5NYmMiK8j2W3AJilFa3bEA=s800-c-k-c0x00ffffff-no-rj"
"495","UClQ3NafOy_42dJ0toK3QUKw","Stay Wild","25500000","8775917641","US","United States","Entertainment / Lifestyle","Entertainment / Lifestyle","https://www.youtube.com/channel/UClQ3NafOy_42dJ0toK3QUKw","https://yt3.ggpht.com/CjNRuV7sXgZYcKhcMdVp6_Oo8tMoOwmDjCRqWYdd-70WeKJYxfxHgFtqUIlRGsq48CWkL_OEyAY=s800-c-k-c0x00ffffff-no-rj"
"496","UC4WkXgiK6VxAri_R_qmIFvQ","Samayra Narula Official","25400000","33573042400","IN","India","Entertainment / Lifestyle","Entertainment / Lifestyle","https://www.youtube.com/channel/UC4WkXgiK6VxAri_R_qmIFvQ","https://yt3.ggpht.com/msmQ4FXJx7fSF1XYcNBuY1JSD-qIrgMycGyJ9vfaGQlJpfavxB4WfyRQJt1Ds5Pv6WjcjJHkLw=s800-c-k-c0x00ffffff-no-rj"
"497","UCEDkNgpdtJ4LBt6uWDRM_og","Aditya reacting boy","25400000","33568993928","IN","India","Music / Entertainment / Lifestyle","Music of Asia / Entertainment / Lifestyle / Music","https://www.youtube.com/channel/UCEDkNgpdtJ4LBt6uWDRM_og","https://yt3.ggpht.com/CujsWv-d0-E8zH2oBrU2O752OpsdUZ64vWlzEQAgffkiCTk2a9CeoyvX96pu86pRSu8AE1YLXA=s800-c-k-c0x00ffffff-no-rj"
"498","UC-J-KZfRV8c13fOCkhXdLiQ","Dua Lipa","25400000","16568831296","GB","United Kingdom","Music / Lifestyle","Lifestyle / Pop music / Music / Electronic music","https://www.youtube.com/channel/UC-J-KZfRV8c13fOCkhXdLiQ","https://yt3.ggpht.com/c3upBFWLu55hnBvqncQS9ZEF_hkvHsNTQiB7m7ZYYavLFMzfyn9Bwo-1VF4HSPGo3G2EdwGtgWg=s800-c-k-c0x00ffffff-no-rj"
"499","UCYk4LJI0Pr6RBDWowMm-KUw","Deddy Corbuzier","25400000","8205927272","ID","Indonesia","Entertainment","Movies / Entertainment","https://www.youtube.com/channel/UCYk4LJI0Pr6RBDWowMm-KUw","https://yt3.ggpht.com/7k4jFbchFagHe6tmcont-mHuOGQrUjnbyh482MwIEFrobjT-uGiMss4qbiTMV74vp8OE3SuY=s800-c-k-c0x00ffffff-no-rj"
"500","UCzYfz8uibvnB7Yc1LjePi4g","Aphmau","25300000","30371951473","US","United States","Gaming","Role-playing video game / Gaming / Action-adventure game / Action game / Simulation video game","https://www.youtube.com/channel/UCzYfz8uibvnB7Yc1LjePi4g","https://yt3.ggpht.com/ytc/AIdro_kGFsd6S-kWwQvx_DobbU5MCwPc6Rvec6-fDVnjqiEW8mI=s800-c-k-c0x00ffffff-no-rj"